,0,1
0,MintStorageProxy,0x2b25DD69783e0f55A8f2B73E6B2354fE2e2E21F6
1,ERC1967Proxy,0x45ecaCf727D399019D2F9e60a56c58B403726AB6
2,BeachBumV2Staking,0x6e015527a93642F5af059e82c194C38267E80007
3,ExoticApeStaking,0x4c866e46f97a5da5Ae48977da4E0fFB8cCE81fB0
4,BeachBumStaking,0x77C28Ea79f4fBAAa1354F63DF8cB39586e0C3421
5,TransparentUpgradeableProxy,0xADEfddE659D620Deaf3d007F060DA324d216c2bc
6,TransparentUpgradeableProxy,0x726E1d384124e0A0c65602c350d581f2318228b8
7,PriceBoundPSM,0x985f9C331a9E4447C782B98D6693F5c7dF8e560e
8,PriceBoundPSM,0x0b9A7EA2FCA868C93640Dd77cF44df335095F501
9,NonCustodialPSM,0x18f251FC3CE0Cb690F13f62213aba343657d0E72
10,LiquidForge,0x78406Ee8e2Ed3D14654150D2aC5dBB67710B3492
11,MetalForge,0x494ee3e9BC240aef70DFe8a5b651D4F19B286407
12,TransparentUpgradeableProxy,0xc52B521b284792498c1036D4c2ED4b73387B3859
13,TransparentUpgradeableProxy,0xc52B521b284792498c1036D4c2ED4b73387B3859
14,TransparentUpgradeableProxy,0x2a476B75A76b90D073D7773fB83A506C6d9A170b
15,LL420BudReveal,0x81E8cf5618f27B00B0AaD86F6876aFa2DA6fA255
16,TransparentUpgradeableProxy,0xAfc006b62308c2991d55A88EA61A14030aa2b02A
17,Light,0x1cAbFBAB1B9FC89e7906Fb58bd0CBaBF4042a955
18,TransparentUpgradeableProxy,0x75858677e27C930FB622759FeafFeE2b754Af07F
19,TransparentUpgradeableProxy,0x6ed8580B2f5e9559aC15cfC73c4DA3D3F9bCd070
20,MetaciplesPowerPass,0x9af8719420d82262CAa8f90f7Ea15c8870dC65F4
21,HeroInfinityNodePoolV2,0xCFaFD32E51DC4A944C428Ac83e61e717Bd8FECE8
22,HeroInfinityWallet,0xd94EeFe9839EB9A54F1A1D61434F81368AD957D1
23,BuyCharactersPhased,0x3b4232D50774cab12d3Cc4bF87B8D7B113878d61
24,BuyBanksPhased,0xA43bA8e8906a6d1DF996D40eBAe9162e1F03B66C
25,BuyCharacters,0x1ca1E370491951038e068AD783681951bD208E6A
26,TransparentUpgradeableProxy,0x883127C3e25354542603C1Fb6FF2D27D545A0fa0
27,TransparentUpgradeableProxy,0x310C8F00b9dE3c31Ab95ea68feb6C877538f7947
28,ClayStake,0x88cf4d065f9d1578239D5c5020c24aEc16789034
29,ClayStake,0x80828EBf85505024f5AAFb90E30f9094e278011b
30,Batcher,0x1b6BF7Ab4163f9a7C1D4eCB36299525048083B5e
31,Batcher,0x47c84A87A2a972769cc5DeDa28118617E3A48F8C
32,RaffleParty,0x1315702452066cF245C327671f2e4Ed4E4646407
33,MintAndDisperse,0x9ec070Be4961F84C141c8d92F89F0F51fF5e884b
34,Summon,0x67283EE31eA17Bb03D958c0386155e6665DE5fbf
35,TransparentUpgradeableProxy,0x7f50786A0b15723D741727882ee99a0BF34e3466
36,ClaimRewards,0x633120100e108F03aCe79d6C78Aac9a56db1be0F
37,CrvDepositor,0xc1e3Ca8A3921719bE0aE3690A0e036feB4f69191
38,PausableUpgradableProxy,0xFA7093CDD9EE6932B4eb2c9e1cde7CE00B1FA4b9
39,TransparentUpgradeableProxy,0x33e585dc5335131B9818c652B319a2258C2f47d1
40,TransparentUpgradeableProxy,0xC47Af09252cC1f46e44Ad47725B189108258a6c1
41,TransparentUpgradeableProxy,0xC232599b4359bEb071b435134AB7AEf3EC78C036
42,TransparentUpgradeableProxy,0x560AEBbE17A0292dBa7EcC2f407C813600596555
43,CNCVoteLocker,0x3F41480DD3b32F1cC579125F9570DCcD07E07667
44,InitialDistribution,0x2F0274e73d2f9DA54547c56F74548B5905360a73
45,AmmStaker,0xC67e9Cdf599369130DD0841Ee5CB8eBF9BB661C4
46,AirdropClaiming,0x6E99ee539594fa6a621a29022Aa50AE7f32f14BB
47,OptimizedTransparentUpgradeableProxy,0x4066D196A423b2b3B8B054f4F40efB47a74E200C
48,MerkleExchanger,0x35adB3e9aCdF9Fa6Acebfee04152ea3262849a48
49,TransparentUpgradeableProxy,0xbA88E875447Dbe1dAB4EC13135f159Aa6FAA38b3
50,TWFactory,0x5DBC7B840baa9daBcBe9D2492E45D7244B54A2A0
51,ZetaVendingMachinePresale,0x0700e7D07ED99dd07fabe89e62651462d5db120D
52,ZetaERC1155,0x6bD533f7453536DAb31b1524954DD0073B5e29d4
53,TransferSwapper,0x578C55FA6890B30ef74Ccd3af52F455BBccA4D3E
54,CurveInvestor,0x1710b32cf1075B48a181D8b3a159C5Cf2bD498E3
55,TransparentUpgradeableProxy,0xc8D00C0a8d2ec4EC538a82461A7a7F5C3aC99d95
56,FPIControllerPool,0x309AC8840f9b4C7eEB5bAb1e89669d8dbb86c060
57,UniV2TWAMMRouter,0xE52D0337904D4D0519EF7487e707268E1DB6495F
58,Vyper_contract,0x81C46fECa27B31F3ADC2b91eE4be9717d1cd3DD7
59,TokenTransaction,0x42C99A30d49bc560359493bf417D95b54Bdb1B76
60,NFTStake1155,0x736f14e2A1F4f5D5937448c0F3549F14D355cdA9
61,MerkleDistributor,0x6E3eB904966B0158833852cAFD1200c171772b53
62,AccessControlledOffchainAggregator,0xA122f84935477142295F7451513e502D49316285
63,AccessControlledOffchainAggregator,0x7922bd4CBF5f2C3E6ac0d628451b1E1A9BA27824
64,AccessControlledOffchainAggregator,0xf8efB55FbF6E7f48637561182dac1Ef09F38d767
65,AccessControlledOffchainAggregator,0x7531f77095Bed9d63cB3E9EA305111a7DCE969A2
66,WstETHAdapter,0x880E5caBB22D24F3E278C4C760e763f239AccA95
67,Periphery,0xFff11417a58781D3C72083CB45EF54d79Cd02437
68,ForgottenRunesWarriorsMinter,0xB4d9AcB0a6735058908E943e966867A266619fBD
69,ForgottenRunesBeastSpawner,0x1f0744C221cc98697D4De5596da3BE5E835dCB34
70,ForgottenRunesBeastsAuctionHouse,0x650Ec141A2315B8ACA9A661469514728B616275c
71,ENSBulkRegister,0x8D36896CB880D0102351975201001b90645f5356
72,ENSBulkRegister,0x9479E74E9736dc71a0F19C88c114079AbC6469c9
73,BulkRegistration,0x22256a2812f7A771B8b224E4fb34C6f245f3E330
74,TransparentUpgradeableProxy,0xd8e577c6f71EDB1819368ff4b8C9B38B2BD8e54D
75,TransparentUpgradeableProxy,0x2b2a9025902aE16B99032FC85462f61C5833E183
76,ERC1967Proxy,0xf9c0184fBE6D18710b5e6aD2312C94366E930f03
77,TransparentUpgradeableProxy,0x048F1D450E4cB558657F0998fA0375Fa967c4005
78,RaidPartyInsurance,0xe61ab5b5348ee383561676D8b76353a9234d0179
79,NFTAuction,0x806Ca46e7df33F6C6f4e28839162F8F85755116A
80,DropMH,0x01F86f668f00Ea8d929479EDF81c232C1bcA8307
81,TransparentUpgradeableProxy,0xb6bBE101Ed3bcf16014715aD3c8Ee5e94dF81C30
82,NFTXStakingZap,0xdC774D5260ec66e5DD4627E1DD800Eff3911345C
83,NFTXUnstakingInventoryZap,0x51d660Ba5c218b2Cf33FBAcA5e3aBb8aEff3543B
84,SHO,0x7320B6d31262D9808593CE6785BF03c25D712460
85,SHO,0x501f8DCA635E216Cc3BA0fC67770dc0034C92258
86,SHO,0x303A59CBb017f29dE7a8365A430F372a46DD76fc
87,SHO,0x38FA1ce0225d75A6868454bB611Edb599a17739f
88,SHO,0x9B82C6Ec2204fdF8c19afa79B05BF4e0531d25F2
89,SHO,0x7db33DA8713Eb307eb0E8870a3CbaFb234BC83df
90,FluxAggregator,0xc446702FC3568d26bb664cb4Af56BA2993DfA018
91,FluxAggregator,0x0f101Ec5fdDbecB53cF58eBa30349E8B66F45404
92,FluxAggregator,0xAa6128fAdBd64aAd55d2A235827d976508649509
93,FluxAggregator,0xc719332d17FB42f8e027711CD4ca37aE2e044bD3
94,MysteriousObjects,0x125afEE79b96DA4c3F58B119788085fDADd279e6
95,DNA,0xB0E0698F196E16cd353D409fb19E3536076B7CaE
96,MutantScales,0x08B4b471CC4dc1FfC4a6C3495Cba1B068dDa7413
97,UpgradeBeaconProxy,0x5BAe47bF29F4E9B1E275C0b427B84C4DaA30033A
98,SolFlowers,0x3f491600E8B81805CA8e11361155A8c49B0E2be4
99,MetaPizza,0x8EFe0bDB63aD70C8202Aa76fdf0AD968e149dcBf
100,TransparentUpgradeableProxy,0xE3fCaD485CE184C1b48930915396a9f0b98C86F3
101,TransparentUpgradeableProxy,0xb60E0F5ac61723c80a00e88DcD93746c921E30a9
102,FPIControllerPool,0x2397321b301B80A1C0911d6f9ED4b6033d43cF51
103,FraxUnifiedFarm_PosRebase_aFRAX,0x02577b426F223A6B4f2351315A19ecD6F357d65c
104,FraxswapRouter,0x1C6cA5DEe97C8C368Ca559892CCce2454c8C35C7
105,FraxUnifiedFarm_ERC20_Convex_stkcvxFPIFRAX,0x0a08673E3d7c454E1c6b27acD059C50Df6727FC9
106,ERC1967Proxy,0x9F953126E725CedE559BAdF0aabA5395cE2d70e0
107,ERC1967Proxy,0xF1c121A563A84D62a5F11152d064Dd0D554024F9
108,ERC1967Proxy,0xb6728bFf344E2109DbB3A0C153CAd65eC4bdB736
109,TransparentUpgradeableProxy,0xC7a853dcC74310B9C2E8f5bCeF303305c1CFe17F
110,TransparentUpgradeableProxy,0x191918e80dd9444C8Bb24C9B1B6c0e83729c1119
111,SingleSidedInsurancePool,0x82E107d2b1Be4347b55FBba4a6fB99669dF3ceb1
112,CmsnStaking,0x3ACCe2a7609d6714cfb1394CcF37069a02843029
113,DividendTracker,0x73d13c08E67A7A30bE02D8955F7Dd7E2a2715CAC
114,SalesContract,0xa6E60d40320276410537972036b42363e7Fe6197
115,TransparentUpgradeableProxy,0x747EcA7ac49Fed246c43C5cbfb0C8a3D70C35B04
116,TransparentUpgradeableProxy,0x6109Daa49FE6C55F3870031123b00C5AC189e7D5
117,KaibaEarn,0x370dda715FA0D1a2A1962db8ab27Fea8931251C9
118,CardborgMinter,0xBF10A1C578AEA818d27B5457817Bc43AB22a1165
119,TVHeadXMinter,0x7AA1ee9ED7d0373421F1Db7B2d04d0C1Ee5a6082
120,KWWGameManager,0x8Dd31c54a6c8Bb1839d2676443c9C5e87af71177
121,TransparentUpgradeableProxy,0xf03A7Eb46d01d9EcAA104558C732Cf82f6B6B645
122,FlightTickets,0x0161B706371E0725e96c67cf55b2384540374cF1
123,Rocks,0xeDC227AD7feF4a2c6DBc2303a5732087314a4Ce9
124,TransparentUpgradeableProxy,0xbF006E1a1b8Bc51303Af5B6d5B32c4A922d6F387
125,TransparentUpgradeableProxy,0x86bA9ec85eebE10a9b01Af64e89F9d76D25cEA18
126,ERC1967Proxy,0xcEcF098DC0F513C68a0003b540CBDAE130dD0014
127,ERC1967Proxy,0x8fC72C856EB661F072F0f7322449f3fcCF088f42
128,TransparentUpgradeableProxy,0x37Cc9dDe75307e5a75CcBDCf31bcf0E9DE6cBC1B
129,TransparentUpgradeableProxy,0x37Cc9dDe75307e5a75CcBDCf31bcf0E9DE6cBC1B
130,L1ChugSplashProxy,0x6A1DB7d799FBA381F2a518cA859ED30cB8E1d41a
131,RpYieldCollector,0xecd1c195192782Cd7c343aD8171C183aC93277D6
132,ConfettiRoll,0x1fAaC523223fBf79667ab621653bd378093E8693
133,GachaAuction,0xf0f2826F36635004E69B55a27036b6e14f2B72cD
134,ERC721BurnableFactory,0xFE3c6C279829F22584221755abe459f7a96bA03a
135,ERC721BurnableFactory,0xFE3c6C279829F22584221755abe459f7a96bA03a
136,AssetRegistry,0xcFA23B8F9062369b21049b9F4A4Ce79D640d1873
137,ScabShopAuction,0xf07b2B65Bf47D2650216e3b5b83c1c5F9eE764F5
138,NounsAuctionHouseProxy,0x55e0F7A3bB39a28Bd7Bcc458e04b3cF00Ad3219E
139,NounsDAOProxy,0x5d2C31ce16924C2a71D317e5BbFd5ce387854039
140,NounsDAOExecutor,0xd5f279ff9EB21c6D40C8f345a66f2751C4eeA1fB
141,PYESwapRouter,0x4F71E29C3D5934A15308005B19Ca263061E99616
142,CryptoCitizenLiveMint,0x8aEEa4BF2D5A1d33c9A84c55430798bdEEC6c8A6
143,VestingMinter,0x453Ef16b4505b0D9Ab49f0E33B2a26919483173C
144,Airdrop,0xf78779ccEc38DC58A78405cFD9F5bb06bAd6fB7E
145,BalancerBribe,0x7Cdf753b45AB0729bcFe33DC12401E55d28308A9
146,RewardDistributor,0x0b139682D5C9Df3e735063f46Fb98c689540Cf3A
147,TransparentUpgradeableProxy,0x14Ae856ab69F157F8aC05B8a1482D9C31478fb47
148,TransparentUpgradeableProxy,0x976d071D737E90fDe3bf98C0b98362D81121F2f1
149,TransparentUpgradeableProxy,0x45C8F65419639BdDdB9e638a2Ca2B33cF25099F5
150,TransparentUpgradeableProxy,0x5b18c2B5979854411cBfB2F1ba8ffbb03Cad2C1e
151,TransparentUpgradeableProxy,0x598C038b10e22Bb8fA4d1900435712e6Dbe4C1D1
152,Migration,0x539e8B47Ec91B86da8Ef439A49f32cA25D999Dc6
153,SaleManager,0x000047203100A45635029eC21bbBec5EC53Cb6f6
154,Rescue,0x15075b7558c241A9dD60886A506fb4b5DF9318f3
155,TransparentUpgradeableProxy,0xa1113cF12dAFE3471a4e7F281683dc98D4b1ca6e
156,TransparentUpgradeableProxy,0xc789dd54338112102D58C68546736C3620C55DB0
157,TransparentUpgradeableProxy,0x3ed02284738644DBC2a5065293Dc984D9e3bF3E8
158,TransparentUpgradeableProxy,0x92E5c9a98316A6A998f04A2A09953D908F4F5FBE
159,TransparentUpgradeableProxy,0x8383406ac239de890910d6A72260A7F4505e7b1D
160,ERC20Claim,0x0fc10801DbC2966214f322427353D91c7aF8653C
161,AccessControlledOffchainAggregator,0x0cE3c18F9728b85742A527C1BD3493daA599C18e
162,AccessControlledOffchainAggregator,0x4a81f77C8BBcA2CbA8110279cDbC9F1A8D3eAE6B
163,AccessControlledOffchainAggregator,0xF37A7e032E942840e1C37431a42A7134a4Bc684B
164,AccessControlledOffchainAggregator,0x3C644976A1ABab551c18c1f5Aa590a42c5955FaD
165,BOBLCarePackage,0xE9f5cD35e6D87FFAdF8459795b6c28d437772628
166,StakingSystem,0xcC5CcdcbB9C4bc26e387052a94FA93b8890D5693
167,AlteredStateMachine,0x859A1ffb12f4eFb965158f1a8897C03BAb543cB5
168,ERC1967Proxy,0x89A8Fe072c1193A1C4cfBe4f3787f5681BaBf9ae
169,ERC1967Proxy,0xdc746030Dc425B6A4d221De62813079705d3C7EA
170,DOGEWarzone,0xA66B8e4738737EB4Ae0F5FE8B5a36633983e5755
171,ShibaArmyAdminV2,0xd8E243aC8d7A3941909D03b9d7A15680d57C7248
172,GemswapRouter,0x0A3e1c20B5384eB97D2CCfF9a96bc91f0c77e7dB
173,aCNVRedemption,0x38baBedCb1f226B49b2089DA0b84e52b6181Ca59
174,airDrop,0x5657E0C92A3024abD15803dDE5cc8C3A965A44f8
175,Staking,0x7959c178A639109d863675B855F5B4BC11247F0C
176,KatsumiStaking4,0x2b2D384B909373FdE229FBB0f2cEd2dC4A3D5125
177,TransparentUpgradeableProxy,0x98F07CeCd4Ad1a242e4dd4205793d27a42c63C39
178,L1DAIBridge,0x659a00c33263d9254Fed382dE81349426C795BB6
179,NiftyExchangeExecutor,0xE86aD94Ef70d59e17A03Aa40338688094Db03769
180,OwnedUpgradeabilityProxy,0x4e9B1C25679AD3E5f522b2A9dA1595a40DFa982B
181,TransparentUpgradeableProxy,0x519aFeD29129a53e2894cFb2e3BAFc5261fb42A2
182,JaguarsDropper,0xFBb4D05F34967cfa406dCFFBBF0b51E5F842d6A3
183,JaguarsPension,0xDe67D5219e7E660204f7dbD448b801D9FE700E13
184,REAPFarm,0x091E32ADFc3EdcbFf273Ee74aF270a062532470d
185,AutomationExecutor,0x40A63b453502ab04DfDf86fB79a9FF2Ec337E188
186,AvvenireAuction,0x7bF109cEa662AC66b07c189c2fc8F1cE909ad350
187,Marketplace,0x30653B08de3642248595CbEDA95749254e9096F7
188,BanditStaking,0x3FfCFB7C1138B3fa78594A0FB3584FFd3D6d042e
189,StarBlockExchange,0x2bc04C703f44e3B1Ab85283094c82d9091c90bdd
190,ShamanzRefund,0x2c2ff358014B72F28b77d64CB8d13F07f151E862
191,UnstructuredProxy,0xe71a8ddCad4a950a1bbea58a301F62B5337eCB5c
192,VaultManager,0x0C342c3aab1C9e2b6E727a8Fb33dbdBEFe26b237
193,VaultManager,0x0C342c3aab1C9e2b6E727a8Fb33dbdBEFe26b237
194,KumaSocial,0x903945f68BFC0474e3F7726B0f79624f8A1cc4d4
195,PawShop,0x429af9dBA2ad6a2A96562D30475B3948e6EE58A4
196,KumaTracker,0x54756b4533085cf959a3C6Ef0747188A245f0a41
197,ISeaMonsters,0x4cA1DA63Dc5fc827362Fec1843dc4c25D0868088
198,TransparentUpgradeableProxy,0xb6713e65d290F95Ef69ABbA2f948EEa84D05949a
199,TransparentUpgradeableProxy,0x495b01C1Bc3B9203FDe4362d9913C692fb661f3F
200,TransparentUpgradeableProxy,0x65f89044F80c370D2A56DE50987D81EDa1cca3a8
201,TransparentUpgradeableProxy,0xCD8E69A5187cFdcEc0cC8F6283437b5FF7C2E418
202,TransparentUpgradeableProxy,0x651CfDCDdfe96E450d11e6b183373b60B67DB1f3
203,SYAC_NFT_Staking,0xDbE964A871C51DD813A844d98A767ee2c221ceFb
204,Vyper_contract,0xF7deF1D2FBDA6B74beE7452fdf7894Da9201065d
205,MerkleDistributorV2,0x0B8107EaCeC5e81Fe6E8594dB95E03CF50685f84
206,BoostedLiquidityDistributor,0x4f1e79793fD5F5805b285C3F29379b8056A4476B
207,MerkleDistributor,0xcab2B7614351649870e4DCC3490Ab692bf3beD60
208,FreeMint,0x8589C7718aaFfe4DE692E8136f5D09893bcDB765
209,ShirtumStakeV2,0xae9daA2d8A9348765887207A1ADc92e3bBC73d87
210,NFTVendor2,0xeAE99fE420dD3dB85687c79375bF87B194fFB50a
211,TransparentUpgradeableProxy,0x6812f8FCeBe860C9231b210F1036A43DA98527af
212,TransparentUpgradeableProxy,0x17D3b6Af7A2c94e7c6892A7CdfF4E7beb64b1CA6
213,OriginStampContract,0x7413CB703C754b6c5951Da49c85ab2F3Ddb6792A
214,MultiSigWithdrawer,0x505610adB4D5DE12E1586f93355F40a412984132
215,KyuubiTaxContract,0xbF2d9657BdF428AFd4F7f1B7f51279E99cc51A82
216,BendoPass,0x7F5875f0CBc4294570A4d8B7f34154d4428b3fC9
217,BapesClanStaker,0x04A3957635aB968C4B92681D6082fC61ff080c5f
218,DATA_BLOCKS,0x825b8d4e1432CCbC5AB2bC24C9E65F0434dCaF37
219,PlanktoonsStaking,0x2649A76feef188d5D5aC0D66F1c3798dFb9C2031
220,PlanktoonsAirdrop,0xDfaec0bE5CbF4a9d89c6563316416888aFFF5d16
221,StickmanSagaNFTStaking,0xe811be4698a45b19e7F4Ab807E911AC9bb8d359F
222,TombRaid,0xd47542c82990E854F886440e39A7dF875dfE55d3
223,TombRaid,0xa1C2CfAc5a4CccD7252AB355070C4F3Cf460a761
224,TombRaid,0x6Bf3493B0C9be88EC087CFfB084b2801C58a4F11
225,PoisonedBananas,0xb0c81c53B267A4CD6cBaf48d746D00e369D060A5
226,PoisonedBananasClaim,0x11E7d025c5EE607360e7bA3C6384dA7E748bFa5f
227,PrimeApeInfector,0x98eF4Ce5Fc49a3AdE9B241da9B1d60DE86E32aA9
228,BNPLRewardsController,0x5B9B2f05be3fEBFfEA574325D7247b1c40D822F9
229,ERC1967Proxy,0x30a7D4565Ed5E9eC424c9f2aee831877344300cC
230,ArchieIunStakingAndFarming,0x16A6514940b69Ae607e505d30b0d1401e981B0B7
231,atomverse_staking,0x8A5F6a494F4F741F92D9A4C3ba7823f3eECCD90f
232,atom_catalyst,0xD42DF66453989b61CEd12DD6c957ee01a74bA78c
233,AlienFrensIncubator,0x9C8882c6B3e40530CDBCe404Eef003443b1E455A
234,PoolManager,0x7BFC8b7c5a7f2DCc795C5EBA02ED9eB9b5b7910C
235,LinearVesting,0x44D2aa0dB9906427A131cDF796dD832b8404639E
236,Battles,0xe1A08c490878108288C1456426FE75034422bd6B
237,LandStaking,0x668bB2265Ddf9f852E9e6CD48574CF3eea443826
238,GoldStaking,0xC82F5fa9D0428EAa26E3ae748ae49873d1c95bF5
239,TransparentUpgradeableProxy,0xe0e0Ac998a2Ae2550D0Db6c819BF2f9a4cE1CaF5
240,MartianMarketWL,0xFD8f4aC172457FD30Df92395BC69d4eF6d92eDd4
241,DEYEMarketplaceV1,0xA68F3dbf1bFe72dfe84B6eec568bD6eD76E2B02b
242,BabyCaw,0x7B0c54eAAaa1ead551d053D6c4c5f9551D66Ad1b
243,BabyCaw,0x7B0c54eAAaa1ead551d053D6c4c5f9551D66Ad1b
244,ERC1967Proxy,0xE11829861f54B62B7C013b248b534f45d25f4035
245,FlowellPayment,0x827a75787aae32B30fC08Ae6330d8a976f85CCDE
246,FestakedWithReward,0xF7Efc2D264Ab295410A492B5f1c5d7aa9357beCc
247,FestakedWithReward,0x7ac056d054835523D6afb36C6D7481e49C8C7c6f
248,CrecodileMinter,0x0eC7c9b2EDA7D3F82a8919029C369A019e2Be268
249,ERC1967Proxy,0x2fAcE815247A997eAa29881C16F75FD83f4Df65b
250,ERC1967Proxy,0xc9A42690912F6Bd134DBc4e2493158b3D72cAd21
251,ERC1967Proxy,0xa3B61c077dA9Da080D22A4cE24f9Fd5f139634cA
252,TransparentUpgradeableProxy,0x2E251bff6C091a1752E1f9983882F7ADe82535da
253,ApeDadsJuice,0x53Fa4D1a7D9FC25f2AF65c7E1774CeAF0e7dFDdC
254,OdysseyRouter,0xBfA75F3DCBEdFf790D60E2A34bF1698c6c269E16
255,OdysseyRouter,0xBfA75F3DCBEdFf790D60E2A34bF1698c6c269E16
256,OdysseyRouter,0xBfA75F3DCBEdFf790D60E2A34bF1698c6c269E16
257,OdysseyRouter,0xBfA75F3DCBEdFf790D60E2A34bF1698c6c269E16
258,OdysseyRouter,0xBfA75F3DCBEdFf790D60E2A34bF1698c6c269E16
259,ERC1967Proxy,0x5AA2Dd65ff40525b95546E3101d82c9f79411133
260,Charitable,0xF4d1c3C79BC78F7ecA41c01E9476E27A0465914f
261,TransparentUpgradeableProxy,0x96C68D861aDa016Ed98c30C810879F9df7c64154
262,TransparentUpgradeableProxy,0xCe4dCc5028588377E279255c0335Effe2d7aB72a
263,TransparentUpgradeableProxy,0x49e63c5822A87CD56684ECD796f008c0C77CC4e3
264,FRCKSale,0xA8a7111c0890d21e579f8163bdA56579Fb2bFf52
265,ERC1967Proxy,0xd04b8014B96AD7fe666e9DFd10eF96B781fE07D6
266,DDC2,0xE8EBA3BC8a1dA332D4f2bC2348c99dad1D0Cb9Ae
267,TransparentUpgradeableProxy,0x9B90E193e663626fC66CF6D977620D88a95CC6E4
268,YakuzaKumiaiSale,0x7198946a64f3EDaB78090A83A59199D3E6B1f55A
269,NooneRnD,0x1557b0cCFF526B59c36CCB20749F3D321D75780a
270,OptimizedTransparentUpgradeableProxy,0xCdd5A1CACD12aD5F44E3a673B7900498237EB37c
271,ComicDrop,0x9934ECf8A194a05e59A45838292CA4890120D396
272,Claim,0xCeC4a0EEcafcAa8f157cD64927286BA836273b1C
273,SquishiverseItem,0xE0EF2610Bf1C932Ccc363BeB5C4B65f0F4C1ddfc
274,BridgeSquishiverseItem,0xF1a46A67A8ABb2adCfcE4B2184646CfD8b134Ce8
275,TransparentUpgradeableProxy,0x20362c5B7Ea1beDc84d28deEcd47d6807beBB18a
276,TopDJVIPNft,0x1DE7617F0ccF3dA2f334D216E8810db76b89D944
277,CollectiveSplitter,0x70b6Ac6d5F7E0F2e78Fc6Dfd8eD69155497892e5
278,TestSamples,0xc8d9B60D79caD803eb165a95Ede37fD0D372920C
279,PXNAllowlistRaffle,0x9F3663ad48178ed5c34246d0a0eEB297809aa8B6
280,PlushMint,0x5260085f6E1606229f274a7fB96eCCaD8Aa9CDCF
281,AIRDROP,0xBa1be2f6106FBaF207C5356A513D3eE1d6Eda179
282,Router,0xF081d410C680e77E6A1136787B191D97CEF10108
283,TransparentUpgradeableProxy,0x427cE6c9E2a504aEB22dc3839FbC4f4B6ebD75bb
284,TransparentUpgradeableProxy,0x7A38720B537bF4484fe27761c0Cd53fC115Eb4B0
285,CommunityDeployer,0x36E3d9E6f22D9E02039FA6ec1CD073216E4D3E8C
286,ChainRunnersXRBaseRenderer,0x76d2D20dc9c39d683844EbB1E4428025B83914d1
287,TransparentUpgradeableProxy,0x2b23E8400033841a834Bbb7Be72105f8d6C0c78a
288,ThePixelsIncExtensionStorage,0x136A74FFFed965a67Cf279c9F1E83EE51873D0C1
289,FixedSale,0xBa530dd64C7d9cB4E9C39BF7B511B38bb272787d
290,SlayToEarnClaimRewards,0x053d905bfe6ccD33776e35a29A1B60dCb9Ec78b4
291,TransparentUpgradeableProxy,0xaB22426F3A627d3FfDd5BAa7EA0A3DA3e1E9b385
292,PrimobotsMigration,0xe7Ef0280C3207D68F8f0D63263075cD9BFC162a6
293,SOCTokenWrapped,0x441C94b8D7C20aeB3de10b0f38c3b259CF75897C
294,TransparentUpgradeableProxy,0xCe528d145DBB2Fc8085002Facb6957736F1D1E2b
295,NonFungibleFilmsMintPassMinter,0xf58b4887eDcfa46B119067A965b164F825AB6cc5
296,ERC1967Proxy,0x74A1DDF59f65567eaBe4B34f5639Ce52c6E122eb
297,ACCELERATORS,0x14ceab5d5025d0e48CEc55C5827441A2C1854aA0
298,Auction,0x0CBa81Ba02c58A4C2C160fdD2E7411AD9cdf5Dbe
299,TransparentUpgradeableProxy,0x764Da6BdAf9455EF631EE70C7169f7Abe912b73B
300,StakingContract2,0x07b281ED5F987909feb2D33E261e22D99E0B2A1c
301,StakingContract,0x182d9ab760F2fb64BceeF28F016A2F0B1A8867f6
302,MultiMerkleStash,0x34590960981f98b55d236b70E8B4d9929ad89C9c
303,TransparentUpgradeableProxy,0xc7103203b15a37d4Db1929e32363ac5fe70b5e11
304,PT_Airdrop,0xf3eAF1A27D30b22cC703Ef7EA71090b9F8eCA476
305,TransparentUpgradeableProxy,0x6BAAd25b4807860E9fc3a0D2b6D1DA4c895cfca8
306,TransparentUpgradeableProxy,0x347E9196CB2806bB853Fc1ECe67ee1bFCA7603bC
307,TransparentUpgradeableProxy,0x3ACF54F6a787c7e8bfC854B44F35D9aa2F218AB4
308,NFTitsStaking,0xDb9894Ac57404e0c3cf7cc6283f50E7Fae1B0c29
309,ERC1967Proxy,0xdb9BC6865e8FdcEb301FAd918e2aFe5DbC2Ffa73
310,WWDispo,0xC6bc138f9102b0164073B36924391A61eE5F848a
311,BreederDaoTokenLockManager,0xb6F870193e6a923EEC6e6C969Cf61558F8d6fbd0
312,TransparentUpgradeableProxy,0xCEAaD18F5027279900020504BaAb6e003ADD9305
313,ERC1967Proxy,0x283501f44e60B412ebD92F9D88989c4d6f4e7726
314,FlowerShower,0xAC06425358ddECC1dF7bea26C5732cFE41dD4a21
315,GiftsOfGratitude,0x9999e0e4846618aB2750754167Ec698754211774
316,FlowerPower,0xa20095F3893039B5143710ba7CE476860B2572e6
317,NFTStaking,0x7d9451B188861d5E04D426965860Bb21f9B1342D
318,MintingRouter,0xb9A4A79c424a385E5Cf719E116CCb5b68461e7Cd
319,NextTrialRunPosterMinter,0x319DF18F196b498d929F12DA0e7C340CCf19C5D5
320,NextTrialRunPoster,0x339Cac7E7719D701A251930Ebe5eA10E37A2Fd0a
321,NextTrialRunOrientation,0xb596ed2A9edEE1F2300bC4Fe8AD809c16a42b407
322,BreederDaoTokenLockManager,0x454193E705938B4C337576C9A5113e3d983e4eFb
323,EIP173ProxyWithReceive,0x9B077C59fDe7de5AdCeF8093Bc38B61d43FC7007
324,IlluminatiDAO,0x7912a656eCE2BC669d4116ad8e9495f722d92D76
325,TRUTH,0xe25f0fe686477F9Df3C2876C4902D3B85F75f33a
326,Staking,0x45235D72a7786Db0320D8227BEDF95Eb273977E9
327,Raffle,0x39a6D13bf33AAcF565d39FF11Faa36b8177382C7
328,TokenConversionManager,0x6C0d706c75b559549938c0b1De863cf7f042D1cf
329,TokenConversionManager,0x611192364cc6962F433A5dc52cD500A423dd7bE4
330,ExpShop,0xB78a3765B0f5Da8F97297Eb7C08E4bA62bdd1217
331,TransparentUpgradeableProxy,0x11dd2bFB64d5e5ECf5a7b0A5c5e187e56220F903
332,Whitelist,0xe26485A2FBeEE1a61D14f4167E4369B7E7Bd23FE
333,BloodPit,0x4D08950e6484C0E248057d1Cb939A77e08ec4572
334,Lottery,0x665520D0A4fdb08fA9B526036f7155b1021BEb6c
335,MonaGallery,0x844e645928F2C39E9ec7705fB33B42B85E10CdA5
336,BaseRewardPool,0xEa29e31961CafC80B9FB5e7eF55eaF7C7af08A2C
337,Seller,0x84aCE55D756edA5143ecf3B8eAFc73AF27657946
338,PaperClaim,0x28B702A9f771bfC04fA95cA57AD4a29fF4b39207
339,PegRecoveryModule,0x3084ba03B49a912B40fa0ec8e20b777A430976da
340,Bridge,0x8F92e7353b180937895E0C5937d616E8ea1A2Bb9
341,PandaClaim,0x8f775b85481146D88ced819F95B44c38F333617B
342,MintableSaleS,0x0B0fdaf9A2a128aF4A72F7B049EDA20Aedb13aD8
343,MintablePresaleS,0x4587384c4da2dD5197e3b20FFf8d8459b109EeBa
344,GDSF,0xBDbCd8769861E827DAA4CcCa2ae66731A357345f
345,SalePlatform,0x61CA53930547d68aBcE28F320DE4e077812eEc98
346,Payments,0x4bCACeFfEb9F18b293fC85ef3979C7007AEd02eB
347,Payments,0x4bCACeFfEb9F18b293fC85ef3979C7007AEd02eB
348,NFTStaking,0x6DffB6415c96EC393Bf018fB824934d7b5B637a0
349,X2Y2Compounder,0xac010690E41fb5c6f9D66cc33Bd78C2f8ECa9a2F
350,RewardDistributorV3,0x897249FEf87Fa6D1E7FeDCB960c2A01Ec99ecC6C
351,TigerVC,0x57bB06b93C6baf657bD7F4C98656d4c36c81Ce5a
352,Escrow1155,0x49a19aA2a4E3fC19614d7aFCE014C60397A197Ac
353,PresaleContract,0x44C711794c467339EDDDAe787D94703A6B56C7FD
354,PresaleContract,0x280E3BAe59054Ad274d1FC30349e819049a87D72
355,PresaleContract,0x39BFe3034d8E32F8e325B386B93037b206617f07
356,TraitsApply,0xd7dA9133475332E733836Eee104E4e61E5c6B3df
357,TraitsMint,0x56435feA2b3a5941C9Ee1169efB1383e831cCc3d
358,Traits,0xD1606499804Ff42B04CE7d9143ADBE568bF50F1c
359,SalePlatform,0xb1e7d42694308B707d7043878cd0aca1A0C56A0f
360,VidyaLPRouter,0x38C0c37B698Ee58c35e88Fc8866b9980Cb724869
361,Teller,0xFB076D4a65838786856AFdD3fC2b107DE043b50a
362,Teller,0xb98A55E8e108f65fd6ef23C463fF17E71F522587
363,God_Panel_sales,0x2F24409edd57D5e01f54b15882768EB3Bc2fC39c
364,BeaconTimelockTrigger,0x6C04Eeeed2dEFedbC9A0f3f63bf14F39a189F607
365,DinoFamEggStakingV2,0x118728Cb39A9A2Ea29d383CC0D8cc1624Cc89c8b
366,MetaRage,0xA8E6123DbA9583B70561280B601e909769fA910D
367,TransparentUpgradeableProxy,0x3A7011e7E2b32C2B52f7De1294Ff35d6ff20310F
368,ETHSale,0xB7798219A1448Db7be994eb59Df98989ca104d2F
369,DriptoMigration,0x69C167f6c3E291756b277Cf34C35D5722236cC26
370,Eternal_Ephemera_Collector,0xe91ef209e2d7628c545902512EB2Df12BDFB27d2
371,bgdoyk1155,0xe929a2b373485bd25108c4788bEe3d73d2fC61c2
372,JerkfaceBurner,0xeD172633f0255C243a65f6353F57f7A71D819211
373,MLTrainMeta,0xB232f362994A1B328356E9A44b2251209D67F7C9
374,SHEEBASTAKE,0xC29707401fEd7DBDfE20207b37086b647965c6A9
375,TransparentUpgradeableProxy,0xa5eebB387058dB74069d1ddaFb210C7D366bdD4b
376,CBOXAgent,0xf288D8a7f0C2bc9907892947F80695BfF89B5C1e
377,RWRDS,0x822b99745daF2722bd0622AC234FE24Bc07C969c
378,ERC1967Proxy,0x736bae7626934763b1dcd2714867Ca7462694e60
379,bpz,0xE0733D444d0A6D94B952Aef648b341c75426237f
380,StakingRewards,0xa67cbdAd80C34e50F5DE96730f658910f52b2F8c
381,ECPhoenixBurn,0x55B3154Ad761405B0cdd27355943Eb808d40b5A1
382,BohemianGrooveCorp,0x1bbB943C60788b4c6D4257F477e2Dc2a6F759738
383,MasterChef,0x3Cf9f83047be6f6c74E9Bf40372DbdEb43c2F92C
384,GasMovr,0xb584D4bE1A5470CA1a8778E9B86c81e165204599
385,NativeOptimismImpl,0xA7f7e4fE8E4cdDCD9969Bd3fbcFF67000CD7DE47
386,TransparentUpgradeableProxy,0xadc5f935D9aFB186d4EF210B0F537Ddb0D6C524C
387,PurchaseManager,0x7818A622b17A338951A9D1441695A9a3744C4C76
388,LazyDrinks,0x65f9F7F4a4ddd517B35c9357f575F0f1df431cBc
389,AlphaGang,0x595a70409711F20523BD99b83D088CeA9d3f92e1
390,AGStake,0x192f212DE38D73fa536fF57E613D03071383dc43
391,TransparentUpgradeableProxy,0x8Bf3A40EA2337e6E4F6E540680eA6390cB3B4E11
392,Proxy,0x98C1C1c8a61Fbdc613C72235f7C92B1dA8c60b17
393,TradingRewardsDistributor,0xea37093ce161f090e443f304e1bF3a8f14D7bb40
394,LuffyV2Swap,0x6ED706408b1A767bc44A54E15821d7C877330410
395,SimpleAuctionsEth,0xA3f91daEca4f683B56bC156F3d67DB91d27A41A3
396,MerklePayout,0xF63FD0739cB68651eFbD06BCcb23F1A1623D5520
397,VeTokenProxy,0x0C591F90651b5eEBfC720eF598DA9A31910e8920
398,NftStaking,0xEe425BbbEC5e9Bf4a59a1c19eFff522AD8b7A47A
399,TransparentUpgradeableProxy,0x83944C256e5C057A246aE1b1945934440eb35Af6
400,MetriaSale,0xe94DdFefbDF03a11DA229Af3db102407c9976a45
401,ERC721MinterSimple,0x30E3809E7f1Fbc39979F1C899992b0a76c8b2B99
402,AzukiUpgradeableFactory,0xF9781431bBC298b570D40E120527f8D751bBADb5
403,Farms,0x37c5888e3f8CE7C98022a1640D931563598EDc28
404,DVinMint,0xE1cA2DA5EFf0cD1EFa97f9B0Be1c3bc77EEaCccC
405,CBCStaking,0x60d4a9CB8aDCE7Ae0a8d4F110D31ee6F5e56e996
406,Smartbags,0x0A054bc3dDA5a09D917412bFfF4bcE24fA2a3816
407,GatedCounter,0x6522507c6Fd0048fb334275139A5B1c88Ab599eb
408,GatedCounter,0x11F5F75393223d9876Ddb84831E429764B6Ab91a
409,PleasrPortalMirror721,0xC8BD034bFaD80e779FCDd87F0cdcCF8913124040
410,SCA,0x3575D929D0B9d366dB3520426E1a835245FCE008
411,TransparentUpgradeableProxy,0x7b6c53c08667d606734d9D3b61973cAF1FfB5339
412,Berry,0x1ee35aD662C74d23CA59013D461060dC29b8321a
413,HookableStakingPool,0x0d7cD88C78910ff1b6B90d0e647d671eB861890e
414,SixthReseauMysteryBox,0x32B249BA9Fb9D79f536402DfD71190866433A777
415,SixthReseauLucidiaCardholder,0xc2984301E0B46917Df9EeD945F160c178d473fA3
416,Grill,0xE11AF478aF241FAb926f4c111d50139Ae003F7fd
417,MNLTHSKIN,0x9A06Ef3a841316a9e2c1C93B9c21a7342abE484F
418,MNLTHBIS,0x6d4bbC0387dD4759EEe30f6A482AC6dC2Df3Facf
419,DealerStaking,0xC6E67aA3F0ce0E106F7DBDdA8dC7D98A0BdE55a3
420,AwooClaimingV3,0x45b959c5409B780bbdCCD7c090038038093fcb0d
421,AwooStoreV2,0x0a8D281f650e2D09C91E0A43218A4A13F132141a
422,HoldersLoot,0x0cD925f268678d03057D184Ded76d98552d7d837
423,HippyGhostsMinter,0x6E4e27fE40cc66484Cf386535900fbE34899D3e8
424,DeepFryer,0xa831260DB87Db1F737B1201c35F544c07e525237
425,ERC1967Proxy,0x3417973b71Fdb5A9317b802e8393eBc8d53a88a5
426,FriesDAORefund,0xBA57EdB8396f30476f46Ea60B8028498D80ff5e9
427,KingdomsOfEtherCrystal,0xBA270D27a974E13489c9758518770c74d9308590
428,AccessControlledOffchainAggregator,0xf72Dd5a93072581EF57BEe2E4b210544684B02C5
429,AccessControlledOffchainAggregator,0xa99999b1475F24037e8b6947aBBC7710676E77dd
430,ApeSquadMinter,0x66e22D7b3040Ea48E4b01eA0FBC1713CeAE75Aa8
431,TransparentUpgradeableProxy,0xbF82a3212e13b2d407D10f5107b5C8404dE7F403
432,BentMasterChef,0x0B80b9E59fb2B1262cdbe3AFEf5ce52cb0521653
433,BentCVXRewarderMasterchef,0xb79C5FAeB7E441C62099dEBd4801cEe1FefB2AC1
434,TransparentUpgradeableProxy,0xe8b720f8F5f24feF5dBE030a041FA18D37695941
435,NtentPurchaseOneClaimPerOwner,0xb067f72271c2ee933AeCE73178f85509C4b0417e
436,WrappedHotelsMinter,0x22e20d0498cD15569480bb0f46EA38ef6AE4C804
437,FIREBIRDSNFT,0xFBd09991E4F88904F7cb83b80bC37fE422e87A53
438,MintPassMarket,0x3f188a711f6F2DD118D74CF1F0Fb5BA840C9aEF1
439,MintPass,0x71A536c83b7e24cff6c0E4bef906CD26Ee7fFd67
440,Project,0x3C11CB1EEaB17C15570c59913a5DBf8DCC5B4B71
441,Project,0x3C11CB1EEaB17C15570c59913a5DBf8DCC5B4B71
442,Project,0x3C11CB1EEaB17C15570c59913a5DBf8DCC5B4B71
443,NieuxNftSplitter,0x2d3274481b5CcaDb938614AD092Cd8021b0B3012
444,LitStaking,0x6C4F932A367EBBfEf5528022459b47274618aAaf
445,BDCAPCStaker,0x23293BeA9744Dadf17043A866F2b6062c895C257
446,TelescopeManual,0x028045C9ce959b00A0539603b492E09384fA4baE
447,The_Association_Sales,0xDD5A649fC076886Dfd4b9Ad6aCFC9B5eb882e83c
448,StarNFTMarketRoyalty,0x5A1eE954C792Bbd9dCDF203455EBcD0759902EC6
449,ApeGeneNodePool,0x87223393dE1d9296dFC33EaD029Fa7daD1C65394
450,C14th,0xAba8D4C6eb4f2EF7511aD9b3311e8b82526c5Fdd
451,C14th,0xd01CB8154a0fea68f7Aa78dD054aD75e0a42Cfe9
452,WormFarm,0x038796cA8b50FaEFC0e05aE347B48352f6236674
453,MysteryDrop,0x56244E965C5F62E7fDE479a2CA028C351c1C5426
454,TransparentUpgradeableProxy,0x1D506Bd2106eA67e7C77B7520D717180Ed63fd9c
455,StakingContract,0xce9AcD0b89e342465171b6D75B36eCca25A059C8
456,FWBMembership1967Manager,0x7e8Ba6E1366B82963e1f55E3Ca623bfdF77C3EA7
457,TransparentUpgradeableProxy,0x32762112CC5f1a95dd4d763029D5791DC57352B0
458,CookieJar,0xd09dB85459a5b0229dA674e7C0aa841e55b3Bf14
459,CookieJar,0xE25C43B59c04030bd9BB393f77D9F7DA1bdb73b9
460,OGLizardBridge,0x9Bd261FDEb38C50a181BeB64DB7054e22DF64dc9
461,ERC1967Proxy,0x2809a8737477A534DF65C4b4cAe43d0365E52035
462,PudgyApeMoldySerums,0xC35b30dF124e863ff3241c1839904211E678E67a
463,KithFriends,0x130cfAB3817467F532c179d4E6502f5A7e7D44C7
464,KithFriendsMinter,0xCA2f620557C98DF4a9A11d056A516Ad65fe90134
465,AkuAuction,0xF42c318dbfBaab0EEE040279C6a2588Fa01a961d
466,RicRacStorefront,0x9A84C5a2Cf4a3f84f65f501f219F72406FEb0E0E
467,TransparentUpgradeableProxy,0x56968bB1168b0E9314dCa1Eb3D1e7aAf0d32263e
468,WRONGUNS,0x5b9236707Ab7F5d43b889b5aFFC0A780D2c734Ad
469,AstraERC20Disperser,0x313A39d576774fAd968534DB53e71E2dfd2393A5
470,OKOKUStaking,0x5c7d3862DC716a37d6868E3D7FA6Ea8F4CCdb886
471,VF,0x120690204d4f03D2dA2771cA57c7b58b5E1f87F8
472,EpsonMusicSale,0x82Be3d9eF88dbB968a266B936E93A2C675BFf5fb
473,PhantomStaking,0x19bD4C3612639216487bD8510D64828C8D4F04C6
474,CyberLionzStaking,0xaf0d04Ef65053b75EbC963206303524880F26d34
475,ClaimNeuromod,0x20CecFd5D7eb7b8dca49BC9B778bF5dc040F3f95
476,ClaimNeuromod,0x1cb580c68Ef8A7E2415531C634ffc2fB9A2232DB
477,SpermRace,0x96a57Ddddb01aAe688a7Ed3e4460559746aD810A
478,AllowlistedSale,0xFa08a9f4F3a275A19729b709004619F60C0CF1A6
479,ERC1967Proxy,0x8A1a7Da41c95d38449B26B036e45DCDF016DB36f
480,DecomposerController,0x75Fc8B1a29510d34dA3D9577d536329196c1B481
481,RickhouseDAO,0x49D02b5F8Be84Df003203303a396bA597b0D6961
482,SaleERC721A,0xF34D53f6425d44f554c9671F7E12c02a13E7c52f
483,CosmicPassRefund,0x21705EFB78F61BD1827D450589Cfd867faEbaCB5
484,Staking,0x27A9B8065Af3A678CD121A435BEA9253C53Ab428
485,StakeMSB,0x70Df93f615D8654a4b9d0A090057EF03f673fcb0
486,TransparentUpgradeableProxy,0x93065786Cc3062DEfA6Faaa4149B6371154DCf62
487,MidnightLabs,0x8350A9Cfa976C968cf6240fD718D0Af44BfcaaBe
488,AWe,0x991eaCAE34Bd9cDE0775bFAe950e29d3808C17f7
489,Doodles,0xe54a0e24D604AF7489eaF4C12a85A89fa0Bb0cC7
490,TransparentUpgradeableProxy,0x560b67c984ea4f300A33c55b5F114e1d5eBEcEb3
491,ClaimFashion,0x4d6cEF42e05CEA1A9B80DB3faCFc4e0822C7d4A6
492,TinyExplorersRenderer,0xDb42F91CAe24f4F95C47fA010FC6Cba5767D00E5
493,KittPad,0x8E44597Dc9F69347670fFeae116dAAaA67c78b6D
494,Eboogotchi,0x601E9aa07bEb2648aC8D3aFA84b5D6B867FA2848
495,E0,0xb2520beeCD44549Ae154041C84FC972E65CFb545
496,OCAmint,0x4c4BAB8b80785272d0089D76E85828f9a70FdbC2
497,TransparentUpgradeableProxy,0x63E34f60EA13b34681B76Dcb1614dD985dD8E11e
498,ReservaX,0x15526AF86721E8265139e4F3D759c343aC1d53ce
499,MultiRewardsDistributor,0x0554f068365eD43dcC98dcd7Fd7A8208a5638C72
500,DivineWolvesStaking,0x1ca33E38Bea509C94eebd63636147425983d2c9E
501,TransparentUpgradeableProxy,0x66cA971F1fE3d3d526cAbb0314633F6a7Ef3F887
502,HuxleyBurnV3,0x47D182f57202aF56D19d85a351Cb18aFB8B7ac16
503,MKongStaking,0x08540bEa06C3173aF34d6A2298A0dfc314e565aE
504,LockerDAO,0xd9D56dCd634F66BFA68321c1C2eB340C08d681a9
505,NANOCATS,0x922887579dD76CC30287c3848168B8B8bFd33eD8
506,MNeko,0xD25508DAB0B8FA88E783eE065D8F78b10745DD21
507,LW01,0x7A64aF913eeA3cC70281644Caa52DE8BACBFBe89
508,Champs_Staking,0x71996799126Fb9B8D020DBbFD351290bf3B02Aa4
509,Champs_Newsletter,0xAb726841293CAc5A4806AEeAC3975c35Ecd4f953
510,NFTPreSale,0xE47BE98973E79dA43C20eAAd93073769DA479F56
511,TransparentUpgradeableProxy,0xb38281fb31138Cc609511b3D83e404B783B33922
512,UNWD,0x6831D9f924986DCc19CdF18d962063d695FDabC2
513,BorrowOwned,0x57cf37a87bA73367943610c74783B43FaE5a44c2
514,Swap,0xDee9E378e483AB862D93364069aE381377bb2899
515,LDRToken,0xFD43D1dA000558473822302e1d44D81dA2e4cC0d
516,OctoronRiftGenesis,0x311B6bB865F3350DF3feC0c5a63BA2451f06587d
517,RainerHoschMinter,0xe78F7cBfA26df8Ca431F4480a67Ff616DcEE5592
518,ERC1967Proxy,0xFdfb89e3205dfC9BBA1D0f4644f0f5Cd6e54a1bf
519,ImpostorsStaker,0xF9936bC175F4777d85351738EF869B3ad7E7072d
520,DEGEN,0x1ff11609c63dcA24E7a32098C59C974486F4eD07
521,CStakingPower,0x5d01663be95186409129EB4696B6A9D2Be8c825e
522,Proxy,0xeb78C5BE270C981e7a840CEb31AB855322b08f9a
523,PNTokenSwap,0xe513E5E4E9D6161bA60fFEA382Ca49A5292e2D57
524,IOSTFarmV1,0x6A94b1522909A8EB547BCFFaD6F7A2e25343199F
525,HMxPBOT,0xd72132c4D8C1897c8f53ba2ba90eD50A144688E0
526,BigNumba,0xA0251aF7b943EC366E28d2126fC6ECF936Aac5f4
527,Vialz,0x72Dd8Df9a3005AD2BB3080ABd1CC2CF23155bC2a
528,TempHaven,0x2b81dfD885503e83c454C5b57AbF69E12677345A
529,DerpyStaking,0x7b99c58Fe8926f12aFC86f927765C96Eb9994315
530,ADEC,0xEF07C3Ff74bc915A3f3a91e691622f03F604C4E0
531,Sale,0x7479d0Ea00B5AEC52d75cAcF86088a3Ca844503D
532,StakeFroggies,0x8F7b5f7845224349ae9Ae45B400EBAE0051fCD9d
533,SushimiDistributor,0x0103117c6D3D4b01730321Abe2A808218AEe33a3
534,OGCats,0x65e7B6CD46dE7b0a83BbF8af745Ba9eef9e66D67
535,EuphoriansStakingContract,0xd9a923B6CE8540048C8832CA9642Cab95360f942
536,OmegaAlpha,0xc80B37583a368BC594A290fCcDa1efFc1cd91B8E
537,PodiumGenesisStaking,0x893D021BB396a06C4cf60f7F1F169C38110F939d
538,MintDacdao,0x74387245706902fFF52E50d4CD7C872D80466FcD
539,Minter,0xE278928B0D743C27502F14471d5755b5a243f686
540,EverdomeNFTClaim,0xcc0A99F59e7b153bad42f54C278C16E4081Afa7C
541,Minter,0x2c1923138DC41ABB6BE03E75757d5472Eef4E8d7
542,Minter,0x3B319FB96ab773121712188113c566d22db39eB1
543,Staking,0x70B06Bb073CDA244cb13e607bf1F498386997273
544,AFS,0x3Ca6eE37F94D67fa42915f44c18B20A275c878Be
545,SBT,0x63c95d51220F9d4B2C1D997A949776c16abAf2D0
546,SBT,0x63c95d51220F9d4B2C1D997A949776c16abAf2D0
547,MysteryNFT,0x92eC3Bc583145bDf299Db38eeFCC08f9432D8064
548,MultiMerkleStash,0xF0d3ceDc9Cc7f3a759a59b5555328Fe75033c0a0
549,OptiSwap,0x293be20db3e4110670aFBcAE916393e40BC9B42b
550,StreamBridgeCrossChain,0xE7879BaFa6A41F919f145a97207e54839d34c9bA
551,StakeNFTforMANC,0x9fDBb691D4760C918d3fD1B4f0aa93f4B3b010ac
552,Reward,0x44529A37a43Bab8aF2336698e31F2e4585ad7db6
553,StakeBaeApes,0x091240Ff14FE7fA64C6c0De8cfcACED1A1B5Dbb2
554,TempleStableAMMRouter,0x98257C876ACe5009e7B97843F8c71b3AE795c71E
555,MerkleDistributor,0x5FcCAe6E00a9ADeBD1ef58A76CF0D89728d962b8
556,AggregationRouter,0x00555513Acf282B42882420E5e5bA87b44D8fA6E
557,MetaTriadsStaking,0xA5d1beB9359A35387ADE83440A282897cf26A6C9
558,HotDougsMinter,0xEfCbdC37b17D1d42933a7BE3040237dF79e39460
559,AlienverseStaker,0xB1a9C78DbF6b7640479094001575E9b11183579d
560,TransparentUpgradeableProxy,0xE4350C5198fdc033783C0e0F8f609f89583c117F
561,StiltonGamingPlatform,0xAd492cdD77E7b59fcDB070D617876c6cDf84f055
562,StiltonGamingPlatform,0xa8B8a5283783C2e81425366b2B8C72771e3932aC
563,Alphalabs,0x2Ed5Ca750db14526edB1C949c2137A52B5911f9c
564,ProxySale,0x821eE4386666B1171a9C85e08d796FB0945Eb525
565,OverrideNftSaleV2,0xFD3286Df3c887B3b61ED90dDbA7Fa6752393Ed2a
566,BlxSale,0x57c9c430ee5AF878f206157DcaE3626df04EA5c2
567,NoaSwap,0x3B9E7a7Db3146552Bb8d0b68868D391Fc4c82213
568,Noealz,0x37E206B04F2EE5Ccf5E459C03290Afece31c267f
569,ERC1967Proxy,0xF8c33F5647E4E4e66aF927987FabdE5aF64b729d
570,PeeBoyNFT,0x96DcF66770e23b27846F8Bd392686e3719de6231
571,SHAM,0xD4F4f82EF5848E9Ab21857199E12F294275Fbb47
572,TWICK,0x96cCc7399ed2C178bddAB1f3B122B89674268931
573,D3ED,0xA349360Fc0d0238589A6bb42814d01505b621b04
574,GME,0xa679Fcfc9fFAe5AC2CC0a8C41E79da042119E93E
575,MYSTERY,0xA2B63610222E2640e9381CDb35A9b4998AA2190c
576,XTinyDinos,0xa622A1baB0D31d60D798217E2d065dC2ca771243
577,MutantTinyDinos,0x44B1F53D82D04C5F1193EcFe189f9a71b2d5E291
578,VcgERC1155TokenWithRoyalty,0x7728Bbc660d235bA3F326551708a13C3Fd53b5e8
579,DogHair,0xaD804109f0c2ba2Ff81343A4d39581a00be0a8d2
580,SicFundV2,0x127e84aF46dbf2A710E0bb8938e1F1922f831b50
581,WenWLRuby,0x9654473254c8150B3d5C1984dd1eb4978fC3C2a5
582,AdvancedShadowStaking,0x539b6Ff7D56921973638B46Ee5D2D1438076C56E
583,AdvancedShadowStaking,0x6a0846a80A2bded21D2a4f30479691B3bC090caA
584,PublicSaleExtension,0x93C1b26706AaD7F1BF1BAEF1291b467A14C745e9
585,VotingEscrow,0x0e42acBD23FAee03249DAFF896b78d7e79fBD58E
586,sVotingEscrow,0x9485DbDa44B279311e3eEe374CED60b5364A97d9
587,StakeManager,0xA10bF0648795044C11D02C63f3F7630dacF187be
588,LandzOffchainSale,0xC851B191934AEEE415eaFd96a01Af15f016F09ea
589,LandzSale,0x413782B316AE78FaF00266508f64CcF4e3a92849
590,RAP,0xb59aE37998c520aA9174FD81c853b0eC27059f42
591,RE2,0xbd50a31Ae99e4f5a289fb3C629a895DcE433c2Bf
592,BCCBonus,0xF3e0A15c08a482BFBc71336644244f829eBb5e89
593,PayableExtension,0x40430D7F790aea066574d998C8904e263Ab8AEd3
594,ClaimVXDeluxe,0x2cEa61e0Ec92009E6623532413a2961B0E2Ca5Ff
595,Claim,0x24Bb23574e04A5bE5a81cFF742D4E3123308bf69
596,EIPA,0x95112f1363BD3E8F47e61146eE75Ca96f2b035D4
597,UASISCorp,0x22d8D30D75510f442980F41A54af7b6c52dbf8D7
598,UASISCorpV2,0xD4A71F77dDd12d69e5Af51595a75f6709E360811
599,MEVArmyBanners,0xEf9cFE6D004Accd9156529D3177065D6b757bCD6
600,TheFallenMinter,0x4Fb2f2F75E5Ad14f1Bd936D4c4565599Bc3320AE
601,ClaimWGMI2,0x5ea2b06d8FFdF86f3521ACc7bEc472835674C749
602,MSKWithdraw,0x12D1C439B8071EBfcf196927B1F61c008854fa0f
603,BearLabsProxyMint,0xfF03329Be643bC0784ADCF9d865FB0885F6d5184
604,BaseFixedPriceAuctionERC1155,0xDE371dAD8d8fe3799b8dC60560341614228C5aAF
605,BaseFixedPriceAuctionERC1155,0xDE371dAD8d8fe3799b8dC60560341614228C5aAF
606,Otherfunding,0x073e40e0b9346f501a3b45eff5d6dA460fa84d2f
607,Otherfunding,0x5a6843De10D1eAC9936dbBB122996222005E3539
608,BOA,0x4E81Ee7e5279bd70126C7802807b65A7f7662c55
609,MOAA,0xeC35d684599c437cb02BfE9514D850c688acCb9F
610,GVOTokenBonus,0x542532aC2015d52abBa932F361490eAC443137Bb
611,OlympiaRefund,0x191E9db35Db1856fba1a7D576EF5cFB009A277E2
612,MerkleClaimERC20,0xbF85d2b71e4CED199F6fa57633e5e062DbaF3a6B
613,FestakedWithReward,0xd1Df645e3e15fB252e7DBd39e2bF6851d8F93F72
614,FestakedWithReward,0xc4F3A32800f9e4971c950B7608225F4ffb3df490
615,SABET,0x5BA27d17821F9AC041b648fE9F90ec40aBB8C3C2
616,NFTSale,0xDA4cdD3c6AcFE07A98c4a7dac9f179fc733f5e0F
617,Code,0x9940bb667F64fcA06fc4127861855696DeF7c69d
618,EpikStaking,0x175C503a11da3D22b05412081BC8123D8939f683
619,StakingRewards,0x7A63C0dCbd4A84cf22Ae950919FEe2e7879E07db
620,Airdrop,0xAd815dB0B31B76B33138482343605E71fa69CB59
621,ERC1967Proxy,0xcf23FCbce77Ad4540A1D63a6c3ca178459AA59BC
622,EchoSale,0xC0F59215f1d530E34EB9487206baab9BfEF61d70
623,StickmanCrossmint,0x2bB6fdFD66b5A1Fb07E7954E48545a8C8C80B6d6
624,ERC1967Proxy,0xAB1eEe4C8fb7bD7917AA6240770A3570D84Cd92d
625,EsionMusic,0xA3A5c5A9494640B2C15B1FF328bB26809279fa1f
626,Escrow1155,0xB1784e823dc14aD29Ec3080127F9D04a6c968AE5
627,NFTW_Whitelist,0x52a0ae79FAcf56421977b19bF1052fDf8B1c5C16
628,Basketball,0xC57C94346b466bED19438c195ad78CAdC7D09473
629,TransparentUpgradeableProxy,0x80672DE2fB6700B865FD1c853553b7b6480748b2
630,PaymentSplitter,0x833b128BD78F9108D6AEd50962b96D1D8fDeAAAc
631,EIP173Proxy,0x0260125E9951fcc800D17AaED9a9aB5b4BFc6A40
632,DropPresaleShop721,0x9f092029aA5c8dCa892C3f031c744e065abfe476
633,TeleportrDeposit,0x52ec2F3d7C5977A8E558C8D9C6000B615098E8fC
634,AdminUpgradeabilityProxy,0x5e1ee3988DE358155F723D72875f45668edc97DE
635,NindoSale,0xa470140AcC8F5eFAbc551004c4Ac080cB73e1ce9
636,DragonForgeMinter,0xDaD56E2E4c9520e57f8F843143412b743D082505
637,GH0ST,0x807CE74495CC180Bae6096c40DFa6864fb79C637
638,VhilsTEAR,0x3077674dd77c532B2E2D9945808C900940DE50aE
639,Staking,0x073a5c788eb3B3Ff72d17f6a9eDd29C50586c776
640,SingularityNFT,0xd1c33f20243792c0D971451772AB83364dc9b8C0
641,MiningFixRangeBoostV2,0x461b154b688D5171934D70F991C17d719082710C
642,Squeue,0xA2E3a7BfC7d4565212647238449a96538cF3ABD4
643,HighriseLandFund,0x02101dB9Bd0756124e3348a68ECA5B29e0D9302B
644,HighriseLandWithdrawal,0x9d24480B601124a23c472d0baC69486a74cb616C
645,BreedingRouter,0x1FDF5A9153b2D3C5A087334F5B22C4c00269632d
646,LochySale,0xfc75bb9bf581C2E5229c193D3c3d284Ab2D33dA2
647,ERC1967Proxy,0x08Fe6f12A05309b9Cf6D57F45C8b8f749eda1A8e
648,GenArt721Minter_DoodleLabs_Custom_Sale,0xBCF07086c7c9791D22E665a3454704E6c4017831
649,ERC1967Proxy,0x527aED8533A596a7ed939b7CEA5D14D8C056f82D
650,CryptoFightersPotion,0xFE02BEb990F3A3a25420003Da6daA23AB67708C7
651,TheOddMob,0x930c1aCcd41A7C79B25428Ba1181809553711B0b
652,CIF02,0xA7120866cf5bdbDA355F98667B3AC05c6128Fa59
653,VINYL,0x2950639f48eDbfc4625e0244d35987AEb4e6cB63
654,JackpotRoyale_SE_HWS_R1,0xeC379743A0CA0d201D592C22fe9f4b61642eD43c
655,TokenTrader,0x1712CF8044E51eCEba81f22C0C03cDd7Eb404b1e
656,KibatsuMechaSpecials,0xc19D1464Da613f79A8442733230A1e7A9a3fC84f
657,DeeKaySpecialsMinter,0xa2d4A3Fb80B4dA41d964aD3C0598751D41E330C5
658,CatalogProxy,0x0bC2A24ce568DAd89691116d5B34DEB6C203F342
659,OpenCollectivePurchase,0x1afcCa7a8656A1BCC5A3827B97A183C4Cd1740c2
660,RewardPayout,0x08A52B2055AD666240A9491a1DD375b4b34104A9
661,MiPo404,0x04CEDb4B42dd8B94DcB23deE008b66a26C09624b
662,Multisend,0x7440645CB62Bc4E3aEd4bEf46dabE1906D908905
663,RAM2PreBuy,0x67Bc91D7E3Ac0cCccbf6075F6485bd0E7ad2Ca1B
664,adrops,0x8684415BE9ed85b47478b86Df2d2890842B9305f
665,PixieJarsRewards,0x4483AF27e73FCD79B6264b7960ff3209d1357B70
666,BullStake,0xDD3393A0DD6bcb91c09735e7c58B97ac6f46E92d
667,Rainbows,0x740A42852ACF22Ec7C1611D86765892Ff2EBF786
668,PhantomNetwork,0xEefb574fEfcAa64c7CB036404C1A30f35DCB69C4
669,NFTProtocolDEX,0xd56E1a69d97A4A0bD0942b7C6AE6eB44dBE371DE
670,MindblowonUniverse,0x68B5e4d122b7461eB9f4c6820A05d57D81600a88
671,darko,0xBB2f8B1F0351F9E220464E83D953e56A6AB55dC8
672,TheGoldenGorillaSpeakeasy,0x038293Fa58FbCAfe15184303DA4424a1325525a8
673,MurakamiFlowersToken,0x6b251ccc81855F82195Ff1F182aD4B119904cDE9
674,Possessed,0x5397ed3316D22253dcad552D2c7ACf3B0e0635ec
675,MKLNG,0x1b562746cc0125185699F33C6E60E76e9C8CCBa1
676,SomethingToken,0x4e270C35bC167DFa0347cd8FCd4EB3b283599796
677,SVSDevouring,0x66072Ec8d05DE3AFf0a016a0C7522b03916df6ae
678,LouisVuitton,0x5Edb863c1B9898EED89C91683893773c61c82369
679,OthersideAPETokenContract,0x601b9EcFA25828E290032aD7815c0BD23B266ce8
680,AssemblyCurated,0x6657eEa3624f05184f238F72dB81A10Cc20117D6
681,NOBL1,0x7e9b9bA1A3B4873279857056279Cef6A4FCDf340
682,OG,0x02f0D2aB4C6Ad9Ba993886353C2bce78C1464FB0
683,AzukiXBAYC,0x670d42e7BF6EA5f1738cF48307803056774B38FD
684,Footy,0xD98D4607737D1E8Abc5737458186F3a4dba24103
685,GAL,0x36cF3Bb2Ba052A4984b64d0d1fB446FBf18abEdc
686,Possessed,0x271b2F5AfeB5A586415F9eD9b39ef81C63071ed9
687,Naminori,0x7730bb4F4B79D033D5367A3A4E106f46a108d1fa
688,ZuckBucksTokenContract,0x2178349B4158589155F08f630eB0892FAA16D23a
689,ZuckerBuddies,0x25042e298CB958EC75Ff8D0951B4b36198F9dcD9
690,DolceGabbana,0x583CF7488D6382F3D5D4E88aF7FE35F15265EA4e
691,VeloceCarClub,0x689C3Bf95EB1aDD3128308CdE1949982d374682B
692,PATEKPHILIPPE,0xa4e32cAAaA113A0Be9ace8f5aa366E5943bA8E69
693,OEG,0x5165904E956Cd4955a1e2D81750b55A69744857D
694,WaveMinter,0x0f49E0bD9eE775E162Ad79b0DDF045F11271EE6e
695,MindblowonUniverse,0xac2B4De1553F23bd84b4A1988B50A48801a96d6C
696,FREE,0x3E30d7e2C9ddb9D9600E939946D859901952139D
697,BearSwap,0x901546EcFB0907A96945Ecc85DbCbA8F35168977
698,POCKETBLOCKS,0x0e201a7cc8B9487e43Ba78770c247BB42A989805
699,StrangeStaking,0xB1a385377F8E9B6Dc235324be4D596ceBFb04dCc
700,KingTokenDistributor,0x6F56235033CE73256C041CF63dCc78c18a036336
701,TrippinApeTribeXBAYC,0x55D4388B887fF1a0f73c8AB1c90d8d0F54762CAc
702,SAVEMOLLY,0x142dEA335c45E326F0534c674eee905ba012Ee31
703,AzukiXBAYC,0xAEB114D96c54a0F7fF57Ef6320431CA8305F48e4
704,jpegPass,0xd8544E4d184b6d7bae36999897298bC9692b871b
705,OthersideToken,0xA60328f91Ccd4D5ee38d6f4275B400CF48838011
706,VictoriasSecret,0xddB298cF3402c2309cf30D2C39dB99451b473D00
707,LF,0x84D5702aa9548d69F2a12e23AC74F7A6435AD5b3
708,XMutantApes,0xb0ECd47A10D9A7c4A87A0288FF6ad8e3BF99C8e6
709,BAYCOthersideLand,0xA6f943DBB53e44a22E438bB06f28d3605b679601
710,BAYCOthersideLand,0x0700381065195737E8c0da6d6Bb637DA55066993
711,GarbageFriends,0xACDC5807942652c8Cc99076Fc402ADf4D0770bDa
712,SmileGateMetaverseToken,0x1FD130266dD474a0F1c93F3309f80c506915a364
713,WeStandAgainstEvil,0x4d7A763e9bC0f538248b261b2EeE0e332cB8B715
714,UrbitexExchange_20220504,0x98030D0DF32c20ACDFb7E79Ca5563AAB08Ec8884
715,NikeRTFKTMetaverseToken,0x4f5814839B651b64F82c081D4A3A1F356bBEdD3A
716,GucciMetaverseTokenContract,0xF505c8D6f5C0f6343F485b60611c4336e33B5324
717,gmDanny,0xCA103F124228e3462205E8a15E20661e8d9B3165
718,DreamWorksMetaverseTokenContract,0x658E91cc078cBF782f9fFf6072653a38A90f6BAc
719,EpicGamesMetaverseToken,0x7C2D36AbCB16EF57FB3624f3EBf9FA584E449E86
720,TempleTeamPayments,0xf86C2dbD16F05E86bFf72cE89B3C2915812E92D0
721,DemandMiner,0x590229DDFF13F65F7d51B89eE9D76d9fCEC528a2
722,FurusMintClub,0x8Ae0d617F1A6F6D3FdB2b398f4814bEBd3939ddF
723,SpacegatePass,0x9c3Dc67FaEA065777a4bb301EEFecb80E54cfAAb
724,Store,0xECF01b98a8315103D48f7BBec35B429D76b3CDd6
725,MintDis,0x71B928c299d6E227462e0753b828f218c6AAb1af
726,NB,0x7dD759879bEFA2fdA7a453F96D92D478a381530D
727,Rolex,0x4D2167923f119566A5D8E36cD216b0D11deebF47
728,IAC,0xB28AdA4921d94e8e725C016FBa5c63d55cfcA881
729,TMCMembershipCard,0x574e123973cE43Ed36BF62559B2a82b25088D3Fa
730,MandoxStake,0x4b2d86CC0609aC8e7Bc025957fC95ebFFb85BE1c
731,RefractionSeason0Collection,0x70ec58eC3A2ad80300a81968753aee56EbDa89a1
732,NexonMetaverseToken,0x1B827Ffa899D6d3561Ec99A14000542B49DEC895
733,LOST,0x6344Ea0bE6b1d36fE8A20DE46De751ACa22aCd45
734,TheHamHams,0x9F8Ca3701E3aCC26eCb01d3d65dD056e21A75708
735,ADIDAS,0x7769C863D71D76b88D11598a570a072663a8cAf0
736,AswangTribe,0xbe285fEEA7155A28dDD8848ff3b124C15FCABf80
737,TwitterDAOToken,0x729902eeABB564639A2a457daEe1F1f9772890E6
738,DolceGabbana,0x96d621EC28a065BaCDd1a1948C8bDca215e069b8
739,NFTAuctionSale,0x249F6E4F52bc4e10dDc92A8120a1bF00Af122CEf
740,GarbageFriends,0xB1DE8F3dC9121453BE28F8fFAfF09cc0aE4c476B
741,PFPPunksNFT,0xb4B3988A730cBC999992178b3AFe3e807dfC9444
742,MoonBeanz,0x744f08D5061A4C0Fdb0C0d93d8e5a536572a9a3F
743,ImpostorsRedeemer721,0xF2B49397F91De858Ed4138A066b70ECef99dB087
744,NCGUY,0x7E65A2Bc65d5bD26281d5dcbaE4C40Efe9CCe199
745,Karafuru3D,0x43396751f80A8c6225b1bFe0fBF9462eC05d689B
746,Snapback,0x81569b118Ea650A2f485Eb48b9572378207E8024
747,Rolex,0x6688176E9F8a54ed8e2b173ec6EEd222640E1896
748,IKNLFreeMinter,0xEa46FE95BA480DF324C2F98f2e56a7AC6AedD177
749,TSFDOTMW,0x94DbE072d8F43AD93dD2662824F4dD2c07Fdb03F
750,LonelyLegends,0x4c3A2965528a1B89E92Ce406004a7e38589997f9
751,CocaCola,0x5908820FF514630C3F1eA39aae4dA8CA2Dd93A63
752,ETHRBREWSPARTNERS,0xf12546A629638c253F29711a46EDfF10E3560F69
753,GLS,0x734203220eb0ce893003a2b251E0DcaAb230c80A
754,Youtopia,0xfFf54E6FE44fD47C8814C4B1d62c924c54364ad3
755,ShiestySmilesss,0x24b56813472f519646382D71fF165A6AFC1E2149
756,ZuckBucksToken,0xB90D0CAE4048b48Ad9E31Cd14f1c9849eAE4D114
757,SothebysMetaverseToken,0x6dDC10f9F5E391b13C3D3BcB8B8F173B6390938D
758,TopDJVIPNft,0x25f2f9fBb13EBf223dEFE4D79C56002cf8EB65A7
759,CTZNC_distributor,0x67B78cAF5916b28C42DF52944D8Ba7CD4E0d67e0
760,TPPFreeMint,0x5833eabB517c2881B5FfA04973b5F6Ccb407C85C
761,Image3Aid,0x0Cb4D5ACdA357cbD031677b7b0c52D758793665A
762,ParmaNodesV3,0x2AB53aCEE8410c92B0d6878A69d063DCcF556Ec9
763,TrippinApeTribeXBAYC,0x6BC8e84D31d8D18079470B585b937Ec4Cc23d835
764,Mayweverse,0xccD174525209E0aF2EA51bCA91070D9f93D1bF4B
765,TheLunartics,0xf4c23679a94b78eEDd3215E2e58d06c5CB3146c4
766,RoboHiroCollab,0xaA413b1C4c7EbbAb5054a59418B3733604bD3F2C
767,ETM,0x9979e4b5AE8b5F1eFdbF14B9F22CeeA38c105A99
768,SKDZ,0xfbb9D573c8b3de20354774C38a63C047fDc3d56c
769,SOUL,0x61569f767aC0c9F5C64A4d63a21207A97E6022Db
770,FLFD,0x11E6c8B37a22f3977ffedc2Aee1004d5037662E9
771,MurakamiXHublot,0x71A9B200e5cf53C41397298FAe51669a9f1f06Ed
772,GAL,0xB8c87078ea88299810C91a89d03e6d663DB21518
773,BACKES,0x342e00896B439929F6fb3Fc6bbE81aBc462B6d50
774,Rewards,0x705f908037a8DCe4f6d4597bdf6A3568D1Ef4196
775,OBEYGEMMA,0x782E052BdACb47d67D8e03fbA9D340A8B543FaE1
776,Murakamiflowers,0x96A0253db6B0a04C8639408baF25B7f497339bE9
777,ProjectGalaxyTokenContract,0xa767Db9701fE2AC7c10C60651018333C6C0A3340
778,WRUniverse,0x95d73d1c4EE20960ed919b46208d88209699414a
779,MarketLite,0x3fE0116ee9CE11f48654364e8b8a12E8C96dCAb4
780,Murakamiflowers,0x4e8C0CD92D062bF703055A3670A91ec948844058
781,MutantDontCareBears,0xE47054fd7851C82dd32ebd92056Fa6a0F5Ad8fFE
782,Nintendo,0x54144a0ca4822414EC4e745e6ACE543a322D94EE
783,TMNT,0xDb67a8Ac2c231e0a181eF8d808e01239E5d97f6B
784,CocaCola,0x39addc93659284907E6CE31419A2434284e22DB6
785,TabooTurtles,0x03095Dc005b648F47e617d8760BB1D4516B3B78F
786,Gucci,0x1b02e82aA280f99ab58E111fe195Cff1f570Aba2
787,LouisVuittonApe,0x704a32f5ae95b3c13410eBb68A99F722d2751a89
788,TheSassySquirrelsClub,0x5b51E1eDd35680Ec28297e1FAe3cA9DFD532A6d0
789,RTFKTxNikeCryptokicks,0x5932A16C53890e47425B2c676F36724aab72A7f2
790,StakingRewards,0xF43De6A8b74dA89231F5aa91900E5d07b1d57046
791,WalkingDeadToken,0x89C8D3577adb04b180701d32cB6C54bE2E2F1149
792,ApeInRollCall,0xeF47A50546c37ac5b06f51F4a7e124432aBF8BBd
793,MapMyAddress,0xBde11d3C00c98079a4335fB280b509821708C867
794,Vyper_contract,0xF8b8dB73dB0C3F4Ff0d633836E939DB23847CA1e
795,MerkleClaim,0x3266724e4e58E5891Eb30E6d329bA119A192483c
796,MutantAzuki,0xA6BbBEB4D77d68681b9c5d3043f81558DA9e4522
797,Nintendo,0x3Bbe1FfD386cD4128E04e10c342D5E89C310c2AB
798,SonyPicturesTokenContract,0x194343c04527D77b826ea77641a674Db21FC10DF
799,PATEKPHILIPPE,0x73EA3fFF9f339876b30D4336D38AE15B07A11488
800,RabbitHoleTokenContract,0x2d45344B52D2ea282eAE4a99048FAf7E6678C667
801,CultBankToken,0x52a75cAe1Fa451bf20dAD93c8b19AB763a1BaD59
802,ZyngaMetaverseToken,0x4d5D7e8DF7B0F1ac83f7e0e2D02be84cB14d7c77
803,BlvckParis,0x7f93B737629431eF48a92C79Ab30f83AE6dc4b46
804,Apple,0x1EE7a2FcCa305221b06E5fD587B939FF4f9d8Db5
805,EpicGamesMetaverseToken,0xb2faD23a7d84fE959c584E54E82fC6e5E98B926B
806,MerkleDistributor,0xf3D05E481e1f7BAAA32759E3218e8cce270f4A50
807,Possessed,0x900f059588976B96C819665b54C5350e60288F81
808,GameStopMetaverseToken,0xe9071E521D76cE262d9fDE2C1Bf8fdf860f328A7
809,KAHIRU,0x54060A734Cc7944e5928Aa7829c804C018907726
810,Karafuru3D,0xA2748F65c18eE21F6ec1dEE9dcee9dCdC2a644BC
811,SpookiesEtherealLove,0x44C45d55F2fc8Cb2b7Ad74D7bad9657Be93C1aE1
812,LonelyPop,0x9aF206BDBEBfF7B707Bc56583CCD4Db98fd091Fe
813,FarmingRewards,0xF220eA963D27Ebe782f09403017B29692A4fC4aE
814,MarketingSplitter,0xb9c7D188014723cA0457738A8e8d33A70a19b5Db
815,toshiMooncatMinter,0xaf59c0a2Baa2305D40a868c3762c40eEBDfc03ef
816,AprilPrivateSale,0xb93DAe23d8e3A88a35eA36d3a1501803F6824af6
817,MatrixFarm,0x4A20d2Da8c7f72ab6E947E0517001de7EC6A6029
818,CocaCola,0x059e3557E5321C64064df37C200B851eEa950618
819,UTILE,0xFfCe5F9B3ef3EA9aB68591ea268D36C8f216bD02
820,GhibliMetaverseTokenContract,0x203dC38c94f26256D8F298079B5bcCc1e360874C
821,pokemon,0x29795f3B3c9327FFF040d890f0764E3159F30687
822,MixDAOAlphaPass,0xfc5fD585C8D725599086D35c4EE82B71230D6f14
823,GarbageFriends,0x62786f182a70915ba252842080791277C3e31F59
824,EventStaking,0x253BA7cf994ec46845F8f2799f5F53777366Ca70
825,MJP,0xc4fF327949466909d6C5b32640f44a21E9e1AfFF
826,OptimismToken,0xb2EA9527bF05bC3b73320a1ec18bd4F2Fe88d952
827,Nintendo,0x176fF191B9D4de11c9D5F979EA5A56f2aC027aAf
828,PraiseGoldenMembershipCard,0x452270bC08D924E0f0dEb455BdbDB27FF0c642B8
829,InvestorsMerkleDistributorMain,0x5fEE1041bA8777A0D28EE5c328219FAa2d6B984A
830,BOR,0x034b0C39c576dE448960ff978F741fbb8A32BD50
831,ApeXProtocolTokenContract,0x8e49DC57BbF92Fc2F7e58e9fb4996764aCc4A9B8
832,NIKEXRTFKT,0xd9bEde491F5009C966989D7514B8bf38c8242977
833,PATEKPHILIPPE,0x1160CA0A2D6766e62acEacDbc818eE4B5126E442
834,LouisVuittonApe,0x77675C6b05f4bEa6Cfb355e8f29A5c8d0c0683e4
835,SupercellMetaverseToken,0x46AdF9E560d22c8C6Ab028052f8Cf0b0b97a55D2
836,LazyMfer,0x31738478af3d891391877C1cf28cdb96Da961C03
837,WisdomtreeDAOToken,0xFbd6803d6a1d4C876f27746A256BA05124E77bB3
838,ChinaChicBanner,0x6138285752D0e4973c2feFCbFf3f880Fed976d16
839,InterplayMetaverseToken,0xaD7161eD4B25aC6e68e630b0e52BF8B6C43b2307
840,Dungeon3Minter,0xe3c37f80077689f660Cd63BD48D81C746dF51363
841,DopeHeadz,0xA7c7703678844a74829f0Ece92489213c8b9cb2d
842,LaunchPass,0x93b60aC4aB09Cb9F652279476FA13640d025F540
843,RACTokenDistributor,0xbA1B0746a0F1D631a8199a0c4d85c25dF470801b
844,StarSiblings,0xe0bfc98cC586b97e043dd9fc9af62c6afFE657f6
845,OmniEggs,0xDC0a5D7734c3c94Ba4D144bD828a4Ca2358bCDFc
846,DanDao,0x03a1343C5eFF84AE346f28F7b7072624cA2b170e
847,TNVC,0xdd1eC42C6B1c4f169E1Fa08Eb4D49d421Cf99285
848,LouisVuitton,0xF673623e8507551BDe72290E909c7E184A4799a3
849,LouisVuitton,0x68aF6191ea33B280752393Cbbf00f6F51031549D
850,ParamountPicturesToken,0x39Ff02669ad11Fd46674150CbfcA6B46b4e4b908
851,ADIDASBAYC,0xc42a1341c25cEc43f0A79de8b9D783ff9980e5eF
852,Minter,0x906eF87993B7ff18A25b7116a4004bc965d26367
853,OtherdeedTokenContract,0x316b4528b5068A16a43D2B3AEf42677639095b95
854,CocaCola,0x95B8B51cFe0A238046D72Cf1c050d4603bBd121d
855,SoftBankMetaverseToken,0x7119750244A7Aa411CB92dFc0BBCA64474471719
856,CAZUKI,0xFDcd7f876d43C1bB9376D577b354F16DC92675c8
857,CocaCola,0x1D317f11ea752beD7a25477800eB36C748F80250
858,Possessed,0x588237a6cBA6224Cc8938Df621fC4a2c84200b7c
859,DolphinsinBrokensea,0xCE10106559932d385c20f0f99c245AB4BFF365F9
860,BBRC,0x70d43932Df9A29edA20730DCc6d4024a9cA15fC4
861,NINL,0xe87346871A1e056d3Bc0E1aE61EC7425fC966AC5
862,TRAF_Mint_Extension,0x9982A8BF88527756eFbE89A76aCFbfA089F54B88
863,DemandMiner,0x8F7befef762785139Ad3Fa2b7D14642aE4a3f740
864,COUPGRC,0xBEeDe624532781478A6709Fe6F7fdB33FF247eDC
865,BulkTransfer,0x91B1eabE9E32568A6F0104921daB13bd0fE3D258
866,AardmanAnimationsTokenContract,0xBCde3b2D6f85311a4b718dDB5c9F0B99989D094d
867,Megacube,0xae27619308Aa2f5Af83E04f061e46B4ac895f25e
868,TelltaleGamesMetaverseToken,0xFEa34Ec03884DE2Cd78D2F890a26B68300f5481d
869,GarbageFriends,0x31489Bae5946A18292F2F31F649C7947c90EDB08
870,InvisibleFriends3d,0xab24af0a7250b462fF2B8A1b826E7815C2eF2DeF
871,PugzNotDrugzEpilogue,0x8D18efd4f816EC82a649CeEF2aDa94d5F45114A9
872,AurigamiTokenContract,0x72c5192e420B604af118F891c1057836B39291a4
873,AtlusMetaverseToken,0x9c0352A53f3e13f34fCe89fde9c1e564217ef849
874,ToncoinToken,0x6F6a5Bc03fA75CBBFDB89aE5E58FAbc081e2257a
875,NoxisGenesisModule,0xea23255AFCd5557eA7D53484183D2835F0d80A2A
876,AtariMetaverseToken,0x65aF88070C589d7f73798DdBf976a4977270c726
877,BUGATTI,0xE0bc9F7E17EC1C491D30354C5A37d55c30221D99
878,CyberHornetsComic,0x303Fd791674D67e1288f769B54699c170eEdE5e7
879,OthersideAPETokenContract,0xa2690792b61CA1bc5b27Daaab2b750e499EC91e7
880,DreamWorksMetaverseTokenContract,0x81db680B1a811B5E9BE8b3A01a211f94F7C7fBF3
881,PhunTokenStakingUniswapV2,0x2e7B2aBC9144e53d91633bdbA8135FeB551E51d6
882,cmt,0x340c93c028052F2193B42DBf9013d58016Dcf7ba
883,OlympiaWhitelist,0xB82adf3FefC7e8E3FDa454816618E3c79C5eC4CE
884,Murakamiflowers,0x2Dd6e1134c781511B2B2767e1bf03BD6687C348D
885,Bridge,0x80bbaeEE801b22a0BC5aF5B90b3848619bE3B347
886,Reward,0x7d7da2A39DC4Bc6bF83f7e87C0968fa26856F09b
887,WolfGuildMintPass,0x08483153802fA9877029690312846aFb2e9baa63
888,BBRC,0x88704B0Be40Bd500596Adc842ae3C87b56cd87b3
889,FirstDayOut,0x5A2bf870D4C7A94e15D27cCC192B9041920ea8c9
890,LouisVuittonXMurakami,0xED5c5AbA07921373B3232058dDbDBC89d4FCb170
891,WincityLilleLiberte,0x220C8189bf9D816E1891aF3e68dDe37412165A36
892,Conquest,0x57753cd1AF2f508EaBbB2197143A73C7F525AA93
893,EsteeLauderMetaverseTokenContract,0xdF5f6A24e6DCF0C97F43f296F21B31660B289c94
894,NintendoMetaverseToken,0x65b8bE5d8Acef2Fc5823287B8bc3c86887EBE137
895,DreamTeamPass,0x80C6b05e802D9323544897CB19326103Aac18951
896,Lottery,0x65408355ffE5a612e7246B8E96EC8F3a3B3d06FC
897,TENK,0xe125091e7c669D47e374D7F23bC857789F701780
898,pokemonMetaverseTokenContract,0x0CD01d3a67341984161eE6837073043d44d4ba4A
899,TsubasaStaking,0xab71C468213ae6044c10577664933873960E176c
900,ChristiesMetaverseTokenContract,0xC8ad58d4046B4bDba546B19e400DC5562fd27a87
901,NeverFearTruthTrackOne,0xcFb1c95FD4360790429ACeEac655d00a65ecB04C
902,TuneCrueBP,0x82e45FC1fadF19765cD934f24Cb52aa1cBA0F5a4
903,RA,0xc8DfA79fE6818CE3dBe2221179e1FBA728B4Cf2b
904,NIKEAPE,0x425D9fE814a6b97091d977f145066B2Abf178F86
905,Tiger,0x1e52F7A450b08b1B249A4f4f54518fC5278C2285
906,StarcatchersSeason,0xE0CB15f90a9Fa1E7d7F69a6D054b934989ed013C
907,LonelyLegends,0x51a20d449A4D551Dea1f83033b3Cf91979736E77
908,BAYCOthersideLand,0x3477811908F961e6bd767e917c37a2d41Cd33420
909,Employables,0xBD6442E65789bdc6a10F09bD13F7320337c5a38E
910,BuidlverseRefund,0x2416750d3Aba24b7586C23B4Cb47C0D6c19b266e
911,AzukiXBAYC,0xfE131caAA9EB3Fa774220eE34F617642313847bD
912,Karafuru3D,0xad92d062761dE59930eCb340B5443529067356D9
913,VictoriasSecret,0x68aABCECCcAefBA1DFB76949F1140767B9AAa803
914,ACDrop2,0xdb37d2fA13AC6c9D04eDA7528266154c2FeC3CC5
915,SlimHoods3D,0x5f811962a896921e302852Ba77e0e0Ab1C8317E9
916,AswangTribe,0x86472c5920757F0c682AA18418C4aeB790dE5EaC
917,LorealParisMetaverseToken,0x6C9D6f410CaDb95151Bde89459316E0dBb937F85
918,SLSLifetimeMembership,0xfB57D57D398D257c424DF39316bAb6339d243025
919,RedeemOGCanvas,0xD134De18533C844AFb164FDD45C7268773eF9B90
920,SamsungMetaverseToken,0x38d29f02C9e2a62652e835A6FB90c94CF5D3ede7
921,DADE,0xEab138bb0C67c8115c69e474E3aB0e7086550735
922,ProjectGalaxyTokenContract,0xE7fdEAfb91D94f84f3b27A6Be0d0Ce27EAb07dd9
923,CocaCola,0x9900BBAd4E794b76a16c82ed452818D24fcfFE99
924,MindblowonUniverse,0xEaEa3af7029AfdC332524947B221265D700ce641
925,BAYCOthersideLand,0x282EF9233612c03537820F77D29b23D282f17109
926,DolceGabbana,0x8E38dA647a81A4Eb12A9a54226F476AF4C2E5530
927,TheRedPillLionsNFTCollection,0x99eE0abC043bADE9b0a13BD9d7db8d820Ad00639
928,ArtByWoahJonny,0xBBD742d4EdcFF32efE7b70E0CeE79E73Bc427171
929,STODO,0xdf3A92254B90C6E237e536f2C09A6F8566d23A4d
930,ANOFR,0xB3C326722107155cE1c6eD508eE256D357e19b1f
931,GDRE,0xfA056Aa17E639Ce4B71b5D73e34a6392029fF456
932,The3030Badge,0x01aFE4Ed0CFee364307a67Ec4EE28ebe480833C3
933,SkyFarm,0xc5933172228E273CF829672921290ca107611757
934,InvisibleFriends3d,0x27ad6c38762237e6d644b210A0997701afdd6f2b
935,GabrielV2,0xafe4243352BA180Fc6C11A8831f59Ab73B7B408D
936,KickzPassGenesis,0x38276F2Ba820a939B191A0dd9b4c032DA52a2C44
937,MehberMinter,0xCDd28CafdFc092Ee70c4622bb4384EB1B12076Ed
938,KekCollective,0xFA86570d57F4078BaD370887952E839Ed1f14ab7
939,MVstudio,0xdD40f9C7B2cE5b1b253e873286982deb52E86FC5
940,PopCapMetaverseToken,0x48Ee738ad62F64b6c38aF21D24277100127e761e
941,UpgradeableProxy,0x90384e76b6B3DdB47396fF85144819ded148900d
942,WRLDMarketplace,0x22B03D85eeff6F5F0157c9B3981Ca2E5dE031922
943,HyperMintERC1155,0x6b4020ED97c3c7bD69Ac7AAc49F780574e905508
944,FAITH,0x82FAB54a2E7A504720328Ff5797dCD3eE182C9a6
945,WaltDisneyMetaverseTokenContract,0x333853A7Ff34931E816a99471412Bd83bEF31188
946,BAYCOthersideLand,0x3Db09B37daEBACcE2ca434b71A8244987D39c9e0
947,InvisibleFriends3d,0xfd73B654881fC51ba149DbF2212B3Cd339E65254
948,OmniPass,0xc64c152078Ee7d6D0367f038b8429272C815e528
949,CocaCola,0x62785c562B8af6e56B1e53cb59DE5F04Cdb28431
950,BabyTigersManager,0xb0a8C868982353B23b8951A6084c3fFf70ba976c
951,Gucci,0x5D7fB179e93930E46B0E8441feFEAfc68f862979
952,TreasuryClaim,0x889dfe07CAA0bAf3814DDCd1B933d208d9913b5E
953,DolceGabbanaMetaverseToken,0x2F8F59B657a51169110C6698E38B7d954623394C
954,BridgeLeft,0x68Dc2554624db415365677eC35f5CDBd0D8Ebbf0
955,MURAKAMIFLOWERSToken,0xaccaFa910Fe1249FCaCabfD447FBBF2a90CD9e47
956,MainBridge,0xB7f251C70057784686e52626330B1a19653297bb
957,ThePicaroons,0x74ee4C8010B47f6479E1657B259eaf31c0B2A89E
958,VictoriasSecret,0x35807BB7406DD3D56d1ad6b9D6EA76a76533F59d
959,Possessed,0x9677e4A29e2e7f37Ec4e6675fEaddcaf64617C2b
960,CryptoCartPool,0x5008f47535aA0a8b87Cb6e6332e8B0b25968Ad98
961,OperaMetaverseToken,0xa4E3bcD4D0Cb3Eb020060404486e78655F98717c
962,PUBGMetaverseToken,0x3B42e0e97590eaa1CCe3aa338d40649D6d656f6F
963,FearWolfDistributor,0x8BE7dbC73a9e1bB40d1D7741783B0a8FA003ACF7
964,WaltDisneyMetaverseToken,0x9EF4FC9763B78115928BC8C6c62748035BeFB972
965,RWXe,0x89606B3d363fCCC3EbbCd043212f1b280517099e
966,Reli3fUkr2,0x66571e65d5F86Ff268D09fb5Beb7Fa78f49ed828
967,MindblowonUniverse,0xe58eFe8e85E441A693db953265E4313Bb2eE4d28
968,WIRE,0x3f03185DBA63AceB36Edde6c201908a69F1943F5
969,LouisVuittonApe,0xB795cC2D42C7921E8d6C38b4a4c05D401ad4900d
970,TwitterMuskToken,0x5b4f4De216812A1918E44aEfcae4398Db512A5b8
971,TWGEN,0x2ee5fA77e0d6cbAF58198d248355051460B1BFE7
972,ACKFTW,0x38fB6B6205436082612aAdEcA74beb97717e0206
973,PoorLandMaterialNFT,0x045737619bb0FE286FFB8c9C81117bC4aB5C997f
974,Something,0x8E7F920f12B64a9B6a570b40689FF4be510321Da
975,WarnerBrosPicturesMetaverseToken,0xe45Fb8F07cb11ac5Ab8e84f2f8ADdEdBce9157a9
976,Possessed,0x39935034E697f34DF0aB54530D5d15EA1e1e34bc
977,TrippyLoot,0xbaC1Dc8a3f8567dFE81dd21c11aE533637Ae8b24
978,PhantomNetwork,0xeF40A713b97Eab44db3A6F8214c049D2F82a4932
979,XNOUN,0xb9B096c521E7356888Fd3Cb04A3aF943f401B86b
980,TokenERC1155,0x46c2F5b60e355B6c19482D3753489e256E0e455F
981,TheForest,0x5778846313A5a051884Db163004ef0B286765fe7
982,GmGn,0xDb63fFDc5FE6A6433dC503Fe33108f5057735058
983,AzukiXBAYC,0x752570A92509C0d047D944F8496D7E5eDD2E35Ea
984,RichmanHeroesSale,0xB1BC8750F49605FB5b7b2c5Fd2785FDB0b78a4bc
985,ZKMigration,0x9078f5996746f134F761B93939B0fD595f68845E
986,WaifuPotions,0xEDBc1103c8133E34ff1eD6d8b81FBeCE81e50458
987,NFTLandAlphaPass,0xbfD5329C285B485BAa5F45e2F7d8Cf100d3bf0CE
988,TopCritters,0x5bC10bc4A36d09C63E9768df19C3e89e193936F1
989,DustSweeper,0x78106f7db3EbCEe3D2CFAC647f0E4c9b06683B39
990,DeathPlanet,0xD783DA699790969988889B05CDCb4ee76D0f1250
991,PATEKPHILIPPE,0x13fc42b706dC7Ee935cEaf0E06b901F01fD362b7
992,JaduJetpackStaking,0xa92684344223cB5148E54a0d858e34eFf12C3735
993,TakashiMurakamiXHublot,0x61987d5603C6AE4EC2ddED1f8c2eF9488Eb137A1
994,GridSpecials,0x7b0baA7340985789d38D41ac34Ee79F58f6B59Bf
995,PatekPhilippeMetaverseToken,0x8E546846a9a15bbDb695599B32d5D2De37D151e4
996,FUCKYOU,0xdCB209b9Ad2cc978146a7c25692A70bBF0fFA12F
997,VitalikMiner,0xDfc9aa72a718c6DbFaeda7f7b9fEe4A54556cCe8
998,Rolex,0xcaE0180625A70F210c50e1979f64e9861B423b82
999,MetroGoldwynMayerPicturesToken,0xcF4399dc797674C501da6999c37D237686c27214
1000,InvestManJustForFun,0x0C24F4224dd1aBDaa907BACC26679F7e06A8A442
1001,ChibiClubGame,0x32A00b9e6D3973Fe763dfEB980BC7E7276715b5f
1002,LightbulbmanClaims,0x4E7b8029d7bd61c1c9Fc10EF44dFEF757A610502
1003,VictoriasSecretMetaverseToken,0x574dAf1a7a51bBD20bF7f2A43d91aC6690f40e07
1004,LouisVuitton,0x6c2b0a6269D09D0d22999E68C7BE174E5A026c7e
1005,TreumERC1155,0xa72D82e3003Faadb893086B5e379194191ab472D
1006,Staker,0x9b14f44269886667C69ce7Cef33fF83a13cD5126
1007,SUPERPLASTICXBAYCOFFICIAL,0xD379a6Bf790522e20E3a9a78CF75F915a96cdE05
1008,GiveawayContractV2,0xf09A8a71A8C22bcc385B5741424E232E536eC4E9
1009,JuiceBox,0xafFE52f017e858F283f5430EFb9e7A99947D1263
1010,MerkleDistributor,0xE16e6Bddf4a1683c029DdC7AEcb567A6095e95A6
1011,SODAS,0xDFE46670810b17e89F4fFe934A89b6C02aB7128F
1012,DungeonRewards,0x287787F55723f7a816aA37De1dbD72a4671De1cc
1013,TinyGirls,0x5dFAE9Ff7f132a584375a4Bd3694DDc60Af1082F
1014,TakiAppToken,0xdaCE001B4B83CE39ACd9d3D1b559bB9245430bE3
1015,BatchSwap,0x13d8faF4A690f5AE52E2D2C52938d1167057B9af
1016,BurberryMetaverseToken,0x3Ca9672817eCd2178D44F1041798a19E02430936
1017,KODA,0x4148CFd64bDa9BC64f78448bD5e267cCAdff2CC3
1018,LazyAirdrop,0x6Eb10f6a25000c7323F3c83F1D39487A5A62566d
1019,GarbageFriends,0xb7C9C3ABA316Fd99E2C5FaDEc54bb8a425246E90
1020,projectPXN,0xB9689c58Fa153bE5378A42c0Dba9C50910BcB0C1
1021,PhantomNetworkTokenContract,0x14C6526BdeB12a2C40c1C6C75EE46fc2aAD98F1b
1022,SquareSupplyV0,0x5d9D05a1142a6416C14F37284E02B26246F2550d
1023,GarbageFriends,0xf8F5d078849CDcFEA24257386EF2f06A09363ad1
1024,MoonbirdsToken,0xed68E2B09eD91E0C2C22CB00266B15f8D9BAE599
1025,Possessed,0xf1495cd87D927988FF25629d92565F874D2d686D
1026,BAYCOthersideLand,0x94eE23Bd943F2cbb69df49b6e3B1B200dA090565
1027,Ragnarok,0x497a9A79e82e6fC0FF10a16f6F75e6fcd5aE65a8
1028,PrivateMulticall,0x4ECF53cB5f5dE1AeF7A520aBCfE8B7ddFcFEFBfe
1029,AlphaKidsSale,0x742Bb3367242B4aC3E9DbE0456A1d848Aa39eAA8
1030,ActivisionMetaverseToken,0xf973d5D0248305Af5db2A81d3f677F1f61e9B517
1031,WAncientTLS,0xF4d6cC8ecb64a9B0E7f241FcF6f93984333C7d71
1032,BEANZ,0x382F2991A93462905A8b8b65ADfCec37B99db711
1033,OxyaStaking,0xbbA10c994E2780b459CF6511d9ad3D4f5D38B5A1
1034,JakNFTartBOT,0x630Ee73155209d742f7E1e467b0471924bCF8CE1
1035,GarbageFriends,0xA66ECc5793123656f6EC94D6cc2feF366BCDFf9F
1036,NafstarsAvatarsNFT,0xbee1F3398B255f0D387C5B6643592A9B822404bE
1037,ULVToken,0x90D33AFf810f15AC0e5247e7B93c1F225cb1b884
1038,BoredGoblinYachtClub,0xdA40D19dd81998c0C699a8C8b91bE1Be02FAd957
1039,MindblowonUniverse,0xA463e0d817C9dDb4AfFD8A0f2617611FbeB0c1f8
1040,EGC,0xD9ebc2EC7022e11ea59a6e6ea95cA7919E393027
1041,ItTakesTwoToken,0x5753cEe012E6a6d708b790F2fBaCe9511cE6C45c
1042,MerkleDistributor,0xC48D7A65c33CDaC256eA1354CDf15a94fcfE28a1
1043,RobloxMetaverseToken,0x0C6F0f339E0fb37761e2FF30A853C23f0455eDd6
1044,mnftsg,0x6Ea37215dd19e00f8f065dCA4b48c54C71654122
1045,BBRC,0x5D76397C691FEAAD749316AE3c183F51f23fe6BC
1046,ShopxStaking,0x479dc68424668dCFDF70E078471ff9d184b9e0dc
1047,HasbroMetaverseTokenContract,0xE089a30E5beC50587D2C7DcE0bbd04a5462d9d6f
1048,Apple,0xAb37b4B462Ab4E86F641Aa2dF2f2375ec0fbf7ac
1049,RTFKT,0x8643C0C6205Ae25539cc16BF324cF50898136FEA
1050,CloudedCrew,0x4cF2F3725f48AA0c0C2AC72378162D2725a52d6f
1051,pokemon,0x5eba3077321cFbe0b9603567a6913cE2e2cD078e
1052,AzukiXBAYC,0x0BE3f908f6fbf3321F089e6Df88402b6C8D72480
1053,GIsoController,0x8B7963d0F9FE44bb3cccc1D832399F24A07D781b
1054,APPLE,0x8f91878A9685a5C8561A10D2F7894D3bA6e8ff6A
1055,WeirdosChains,0x0E93Ead3492Aa40f4065e285C51331b4b1257Fef
1056,ClaimClassNFT,0xFC498D663B577e1Db1f6d8E72D97979e0778548E
1057,ThePicaroons,0x7F82b2081f2193cdB6c8CCbc93F7ACdb9CB69bcA
1058,GarbageFriends,0x4aaacE782cFB8F62574FB876Bf2339C106a41291
1059,SWAPS,0xcD327D27f64b9BD998C7FDE6Bf279ad542750826
1060,HasbroMetaverseTokenContract,0x86a10ACcc72a68EA290a1D389FE2B6e00BBA5643
1061,DGN,0x874894191f832cbA2efD72E40e4f6D11fEc38429
1062,GamesMetaverseToken,0x8BC49e1869e90090392cC345265c2379C4CfA0bB
1063,TheVoiceOfTheSyndicate,0x059CB989e91140161dA469a33c72b103624557C7
1064,ShibMetaverse,0x2CAb446688c5Bd058aF9d725feDD33E4508aC31D
1065,MegaPoker,0x27a25935D8b0006A97E11cAdDc2b3bf3a6721c13
1066,EpicGamesMetaverseToken,0xC8F33b1c2e0Cc6F60c242FB2d1EBe0243A1a93B2
1067,M3CH4S,0x57013d9f036bB274014BdE8A1dB8D3f214163155
1068,StakingMetaSkeletonForToken,0x3b2aAc516C264A7E437501792fD5462F6a4ff753
1069,JRNYRewardsNFT,0x167f4C0561eEa486aC7cF11f7fA1B88bEaA47C28
1070,LouisVuitton,0x86F6b5B50e980222d04A644faC4F72DB99C25ca7
1071,Murakamiflowers,0x34266544beA4A9BF295654359d9FF45B88e5E43D
1072,UkrainianChicks,0xE799eC2ABD844CD4a3a54200127bd02285147975
1073,SxP,0xAe347CB15C79d56fF3F162CB4089954E6B2fc901
1074,StakeNFT,0x882eA36F2031F3EDD6Cc243472f6Bea7195ECaf3
1075,MercedesBenz,0x6baF1e309dB30FF6bfE9611C7d04718ac3151229
1076,ZLP,0x20984d5308a87F04D1Fdd965e331629fB0AEcE07
1077,FDO,0x6913233adA65330aDF01F24F715DFFcc60497cc8
1078,NFTStaking,0x3954ca37eC01c5fd7C61A2700EF830E293EEbFeA
1079,OP,0x7b6e3c717BF630751F1aEbA0645C6ba939decD11
1080,OmegaMetaverseToken,0xaD230200a0507a431A8fe7414c4E3f5397c4C91B
1081,Rolex,0xa15A381a57494f210690aB80BF72203fFFfC520A
1082,GarbageFriends,0xC9C93E2FAeE728C95Bd63d4715f9797762f79457
1083,LilBearsOfficial,0xfd561EC4d16b5fdFc113Bf750424cC23C41df268
1084,TheKitchen,0x503736F84Cb63Cb326e7EC4986Ed0dFB717c0199
1085,G2U,0xA612684660475D8b8BFF0de403232bD38C267cD6
1086,KevinKing,0xEf038ce15ec83Bb739c72B5218D4098Dd475af1F
1087,WLMarketplace,0x8a3fDC1c10Ea9BfdB163D8065DF904140F6545eE
1088,PLRZA,0x83112B664832DB12b1d3234DaeC1d66435e0910d
1089,OP,0x0245075E5136eaeCD50ECc9e781174001EEd9717
1090,YieldFarmToken,0xde25529917992eE1B4E9e3d5c50b92e17160deB6
1091,ChumAirdropper,0xA483048C5a0848e75b86E3D1eBBE5872fd032549
1092,GreedyGekkoHighSociety,0x8EC63cEae1Ccd89b3213db02fFaAB439Fb3EAD8f
1093,GarbageFriends,0x162545d5442a620A73877951e97645c0905b6045
1094,NikeMetaverseTokenContract,0x51DaA052d3449EB5d6A69F00DdBc2523eE7b1A3C
1095,ElonMuskTwitteToken,0x8E06a202A6E53412992540Ab7e438a5Cf281585d
1096,Apple,0xCd9b915aE6e1F281919E1C3cC480f5FDAe037842
1097,NftVbitStaker,0x517f1712450ec9C53Ed7cC6Cc40264a90c217995
1098,Multitransfer,0x37ECF33259867C7285Dbb42080fe4595a20C4ad2
1099,SatoshiViralStake,0xFF50Ff073822d564411b3E902b8C4De8CD55AD96
1100,RicardMilleMetaverseToken,0x9ddec70Ab6fF39491C449D5CE3A02A852Dc8b80a
1101,RaffleBurn,0xC7Bb041d5E0A837790585bF0E384706aBBe8Aa39
1102,Wobbles,0x1CdC0F5F615431d2FBDABd76E0Ac88F2419d1541
1103,LouisVuitton,0x08fEe0109aA132466f15325655B042c906805401
1104,CocaCola,0xF276ED0F992956379cf2f0e20D537150F3074490
1105,RobloxMetaverseToken,0x0ee646F5ae323A2a5a6266D3C01cd7416Ea909C8
1106,MultiSender,0xDB631859E06fBC6604E86F592f6B8c416425b5d5
1107,TheMatrixMetaverseTokenContract,0x4c20D0266187a68c73F3F17a16631652540A8EC1
1108,LouisVuittonApe,0x98Db875B88E82555a749B63798255256fCe816B7
1109,PlayStationMetaverseToken,0x8854713Db6Ef34eC3Ecf0876A742Fe72Da377BD3
1110,NBAMetaverseToken,0x8d0BaC40027FDCeDc4A4c938f65F40eA02784094
1111,LosMuertosWorld,0x74bd8FDF513f1ba92d50Bc37C4415Cd871F4D5F9
1112,Possessed,0x3e4c6981206092b602c764fF72fe729de445D8E3
1113,TakashiMurakamiXHublot,0x9c2d09169060cf448ad368f663B1620242557b1E
1114,PhantomNetwork,0xEeA778477067400c5E94CEc722fe95d362bE28d5
1115,TheArmors,0xF37C1De9201f19830E1D6D0f2CefBBe402C4b23c
1116,Something,0xF8cEd4bDfA1f72ECfee2f98229E8f13DED7C40F1
1117,Murakamiflowers,0x2B0CDc5658174Fb1b496cec47e065F80e6B00641
1118,OpolisPay,0xaE7db356c82401B111134041533AB490906C8ED5
1119,BAYCOthersideLand,0xadcE85Bb3Ade193e8dF002F39CB9EBFd2D2B7222
1120,TWSC,0xE6A3974AA07Ec2d12D6584e08A489058b9067FDb
1121,RubicRouterV2,0x53dC7535028e2fcaCa0d847AD108b9240C0801b1
1122,BAYC,0x5ad06285676539066a0cCB7844DB910EcB0Ce6AB
1123,NIKEXRTFKT,0x856eEB57101BD6Aa76C6d97b74c399997cA07AaA
1124,AswangTribe,0xF616919D2482b0bff100033A1071fe530b3389aD
1125,AswangTribe,0x8a45a88764410D36771add301E5af963cAc737B3
1126,HEADS,0xfe87b7fEbCf537B8b5a5373579FedD0B384Bbd37
1127,GarbageFriends,0x7EBb8A5282e4d174b27DcD95C51C6C25bcC6d9F6
1128,PATEKPHILIPPE,0x34de12d0Ce16D8692A5B9bb768E0BecD87bDac52
1129,JAL,0x0d1FfFF0254383383b33d86864d1B96d8ca5F70c
1130,WAGMAM,0x11B197e078e41aF41Bc1d9e03407090e61e40BAA
1131,FLEXCLB,0x5F0e4269e4057Bc0f0f665d68f3106e2386D8bf4
1132,KAHIRU,0x3887236E4c82b458bAC382234C2646C03037bb24
1133,Murakamiflowers,0xD282C425B8B56a7fE9A3dC69EA7C6F136A651821
1134,RefundSystem,0x1F403536911709B97b7343A8A078fd8F4558Bf10
1135,BAYCOthersideLand,0x15EF843be199A1abe7185ba58FD00693F780a314
1136,EpicGamesMetaverseTokenContract,0x4F0FE00D1bA047c39a1d9D6aED426E20f1b39ABf
1137,Gucci,0x91d9b268f3d4CDCDAF03672BFE6255c1Ce8d6058
1138,SatoshiBankStake,0xc932e0199c7c230C711236021ADfDFBaA866440f
1139,ChristiesMetaverseTokenContract,0x108E34525A02a393Cda7D3648D185cE128743CeE
1140,MuskGoldFarmV1,0x120e3D70b6df098E0bDE3ec0c6C82E70b84D70eA
1141,GenieTokenContract,0x1b329445Ed205Ce63b2AfD6B37E0C87920dFD970
1142,HippoSales,0xB877AF795dd8B671A5847FD07b0437C7DFa7e4ac
1143,something,0x81763C7213591c1B76Ae9fc233531d4FFFD7fD72
1144,EVAD,0x8c751C60ED0257B5A04ff5b0d0b6A33d788a5906
1145,StdReferenceBasic,0xA55d9ef16Af921b70Fed1421C1D298Ca5A3a18F1
1146,MRBLS,0xb6D6Afb1c41Fe76760C0407DdC9011bF91c64446
1147,WrldEcoPasses,0x4a4fd6f67d93eFF96613bc0d6eC748DC9DaB95f3
1148,OP,0xc3Aa18ECF4D3F05196501259D69882368a51d57b
1149,GRInsurance,0x469A53D41c6b29570A5b683Bb18C3cf6706D8c1d
1150,ERC721Drop,0xF5194433bde2beCE5c3ac294EcA78a1126c169CF
1151,NFTAirdrop,0x0E1cab75C71f296143AA37cF60Dd5bade575C33F
1152,PXNWaifu,0x5173fEBbBf8a6Fcd7808abC95CE05b7B311eC8D5
1153,TheMatrixMetaverseToken,0xbbE715cf37b620220a826F3aD918354898520853
1154,Vault,0x107AC627918445a0122d25A834F3f00229cb1Dbe
1155,GENESIS,0x6955175D1B7cC7fA8bE33B00113F9988d8eaF323
1156,JMS,0x737Bed4FE49d79eCC9e7f83E71705cfd17C8428c
1157,SomethingToken,0x8459408A4d7f053cf11206A049834e569FBf6811
1158,XXHY,0xB88dFa2AfF0E3bAf51C3999bfAa403C32D0630d0
1159,MysteryShells,0x3F13Dd36206E3aFb692049c8D7EfA43f85f52f3A
1160,SunBirds,0x4C581E75B8F783D9a921ca37BeC8D3F265741473
1161,ZombieMoonbirds,0x5AcEe6aD982F0d8b3014A676CFC39990bf4CBA1c
1162,LEGIONS100,0xF988142a0379464939dD5e6859dB466ec05Cf8a8
1163,BUGATTI,0x6be9B63cB4258dB9EA692C057452cB23C2523836
1164,OthersideXBAYC,0x06B8a2251Ce3163aCe8815ccDd781A2a40fE11d1
1165,GasDaoStaking,0x72f597c88cF0c1f3c98cA59C896405ce2aA047f8
1166,NIKEXRTFKT,0x6ced43f502ee0eD4AB7A8Ec7bD7b9348881FEaC4
1167,TJA,0xE6d8ba78fe72C75A010Ad28c7D150379ed4FEb5E
1168,AnimeVerseMigrator,0x18DB7872eCBE3a188d9eE463bc7C0BE4c571DECd
1169,Possessed,0xB3A598C4121089FA0e4c072Fa22c99082aD460e8
1170,CultCapitalToken,0xB46c7f6C6d6Ccb41E9841D5fa4b69B3E478647f8
1171,DivinityCellMinter,0xAb04D40e78D62d53dF15B7f28245E6A9bf55B801
1172,MindblowonUniverse,0xA6D74802a2222d5cCe5eA0531159ed878943b54c
1173,CocaColaMetaverseTokenContract,0x37BA9a30E1b2969495627D540eD20d7743cb1752
1174,RuneScapeTokenContract,0x201d6110063c9E119AF9E70f07BCb2c98fB2E936
1175,RockstarMetaverseToken,0xF2C84AAA9374239f53132A0e90B47B6584bB8a35
1176,McDonaldsMetaverseToken,0xC997318FC52aA66B0b5118f437322C52386cc9e0
1177,MonkeyKingdom,0x48eEa82bb02140f0fe4E9Ca07E7c9c2a1fB5B786
1178,BeanzOfficialToken,0x3fCC0c22ec7737A74a83F54f938cAe32e69B7FC0
1179,MetaDickverse,0xD6E70F66174174000f085f0353547e21ce692F81
1180,ExpoCompoundVault,0x7fd16176d86727C895b6d3f97b20C1903c827696
1181,LouisVuittonApe,0xf9e458f01dAF255E4279eae3Ae527529130f0C85
1182,PATEKPHILIPPE,0xB69d62B86E8DD318d7a9Bad8950ff7fb2E60EDa9
1183,NubbiesStaking,0x9Ee25898fcd02629b317838fc821f49c53B6766e
1184,something,0x512e0E3E31c2c175445dd6847a9dC8e76011A3E3
1185,BabyDoge,0x8bd03Cf3FB887DB0C285d8d0D4DC382c587bA6fE
1186,BulkRegistrar,0x7258a0363F9d46B00d6EBc0685669f54b1CfAc28
1187,MarketplaceV2_5,0x6dC49B913fa46e7F04d7F7Aa3bEBdA18c534dF44
